signature,version,attributes,lastMountedVersion,journalInfoBlock,createDate,modifyDate,backupDate,checkedDate,fileCount,folderCount,blockSize,totalBlocks,freeBlocks,nextAllocation,rsrcClumpSize,dataClumpSize,nextCatalogID,writeCount,encodingsBitmap,finderInfo,allocationFile/logicalSize,allocationFile/clumpSize,allocationFile/totalBlocks,allocationFile/extents/extent0/startBlock,allocationFile/extents/extent0/blockCount,allocationFile/extents/extent1/startBlock,allocationFile/extents/extent1/blockCount,allocationFile/extents/extent2/startBlock,allocationFile/extents/extent2/blockCount,allocationFile/extents/extent3/startBlock,allocationFile/extents/extent3/blockCount,allocationFile/extents/extent4/startBlock,allocationFile/extents/extent4/blockCount,allocationFile/extents/extent5/startBlock,allocationFile/extents/extent5/blockCount,allocationFile/extents/extent6/startBlock,allocationFile/extents/extent6/blockCount,allocationFile/extents/extent7/startBlock,allocationFile/extents/extent7/blockCount,extentsFile/logicalSize,extentsFile/clumpSize,extentsFile/totalBlocks,extentsFile/extents/extent0/startBlock,extentsFile/extents/extent0/blockCount,extentsFile/extents/extent1/startBlock,extentsFile/extents/extent1/blockCount,extentsFile/extents/extent2/startBlock,extentsFile/extents/extent2/blockCount,extentsFile/extents/extent3/startBlock,extentsFile/extents/extent3/blockCount,extentsFile/extents/extent4/startBlock,extentsFile/extents/extent4/blockCount,extentsFile/extents/extent5/startBlock,extentsFile/extents/extent5/blockCount,extentsFile/extents/extent6/startBlock,extentsFile/extents/extent6/blockCount,extentsFile/extents/extent7/startBlock,extentsFile/extents/extent7/blockCount,catalogFile/logicalSize,catalogFile/clumpSize,catalogFile/totalBlocks,catalogFile/extents/extent0/startBlock,catalogFile/extents/extent0/blockCount,catalogFile/extents/extent1/startBlock,catalogFile/extents/extent1/blockCount,catalogFile/extents/extent2/startBlock,catalogFile/extents/extent2/blockCount,catalogFile/extents/extent3/startBlock,catalogFile/extents/extent3/blockCount,catalogFile/extents/extent4/startBlock,catalogFile/extents/extent4/blockCount,catalogFile/extents/extent5/startBlock,catalogFile/extents/extent5/blockCount,catalogFile/extents/extent6/startBlock,catalogFile/extents/extent6/blockCount,catalogFile/extents/extent7/startBlock,catalogFile/extents/extent7/blockCount,attributesFile/logicalSize,attributesFile/clumpSize,attributesFile/totalBlocks,attributesFile/extents/extent0/startBlock,attributesFile/extents/extent0/blockCount,attributesFile/extents/extent1/startBlock,attributesFile/extents/extent1/blockCount,attributesFile/extents/extent2/startBlock,attributesFile/extents/extent2/blockCount,attributesFile/extents/extent3/startBlock,attributesFile/extents/extent3/blockCount,attributesFile/extents/extent4/startBlock,attributesFile/extents/extent4/blockCount,attributesFile/extents/extent5/startBlock,attributesFile/extents/extent5/blockCount,attributesFile/extents/extent6/startBlock,attributesFile/extents/extent6/blockCount,attributesFile/extents/extent7/startBlock,attributesFile/extents/extent7/blockCount,startupFile/logicalSize,startupFile/clumpSize,startupFile/totalBlocks,startupFile/extents/extent0/startBlock,startupFile/extents/extent0/blockCount,startupFile/extents/extent1/startBlock,startupFile/extents/extent1/blockCount,startupFile/extents/extent2/startBlock,startupFile/extents/extent2/blockCount,startupFile/extents/extent3/startBlock,startupFile/extents/extent3/blockCount,startupFile/extents/extent4/startBlock,startupFile/extents/extent4/blockCount,startupFile/extents/extent5/startBlock,startupFile/extents/extent5/blockCount,startupFile/extents/extent6/startBlock,startupFile/extents/extent6/blockCount,startupFile/extents/extent7/startBlock,startupFile/extents/extent7/blockCount,18475,4,2147491840,1212568394,57,3507509441,3507581862,0,3507477041,13120,523,4096,1806646,1163102,1093893,65536,65536,13810,24959,9,"(0, 0, 0, 0, 0, 0, 263102905, 2337426865)",229376,229376,56,1,56,0,0,0,0,0,0,0,0,0,0,0,0,0,0,4194304,4194304,1024,2106,1024,0,0,0,0,0,0,0,0,0,0,0,0,0,0,8388608,8388608,2048,25658,2048,0,0,0,0,0,0,0,0,0,0,0,0,0,0,8388608,8388608,2048,3130,2048,0,0,0,0,0,0,0,0,0,0,0,0,0,0,0,0,0,0,0,0,0,0,0,0,0,0,0,0,0,0,0,0,0,
18475,4,2147491840,1212568394,57,3507509441,3507581893,0,3507477041,13120,523,4096,1806646,1135197,1093893,65536,65536,13810,25904,9,"(0, 0, 0, 0, 0, 0, 263102905, 2337426865)",229376,229376,56,1,56,0,0,0,0,0,0,0,0,0,0,0,0,0,0,4194304,4194304,1024,2106,1024,0,0,0,0,0,0,0,0,0,0,0,0,0,0,8388608,8388608,2048,25658,2048,0,0,0,0,0,0,0,0,0,0,0,0,0,0,8388608,8388608,2048,3130,2048,0,0,0,0,0,0,0,0,0,0,0,0,0,0,0,0,0,0,0,0,0,0,0,0,0,0,0,0,0,0,0,0,0,
18475,4,2147491840,1212568394,57,3507509441,3507581922,0,3507477041,13120,523,4096,1806646,1107037,1093893,65536,65536,13810,26884,9,"(0, 0, 0, 0, 0, 0, 263102905, 2337426865)",229376,229376,56,1,56,0,0,0,0,0,0,0,0,0,0,0,0,0,0,4194304,4194304,1024,2106,1024,0,0,0,0,0,0,0,0,0,0,0,0,0,0,8388608,8388608,2048,25658,2048,0,0,0,0,0,0,0,0,0,0,0,0,0,0,8388608,8388608,2048,3130,2048,0,0,0,0,0,0,0,0,0,0,0,0,0,0,0,0,0,0,0,0,0,0,0,0,0,0,0,0,0,0,0,0,0,
18475,4,2147491840,1212568394,57,3507509441,3507581951,0,3507477041,13120,523,4096,1806646,1081693,1093893,65536,65536,13810,27826,9,"(0, 0, 0, 0, 0, 0, 263102905, 2337426865)",229376,229376,56,1,56,0,0,0,0,0,0,0,0,0,0,0,0,0,0,4194304,4194304,1024,2106,1024,0,0,0,0,0,0,0,0,0,0,0,0,0,0,8388608,8388608,2048,25658,2048,0,0,0,0,0,0,0,0,0,0,0,0,0,0,8388608,8388608,2048,3130,2048,0,0,0,0,0,0,0,0,0,0,0,0,0,0,0,0,0,0,0,0,0,0,0,0,0,0,0,0,0,0,0,0,0,
18475,4,2147491840,1212568394,57,3507509441,3507581982,0,3507477041,13120,523,4096,1806646,1050717,1093893,65536,65536,13810,28837,9,"(0, 0, 0, 0, 0, 0, 263102905, 2337426865)",229376,229376,56,1,56,0,0,0,0,0,0,0,0,0,0,0,0,0,0,4194304,4194304,1024,2106,1024,0,0,0,0,0,0,0,0,0,0,0,0,0,0,8388608,8388608,2048,25658,2048,0,0,0,0,0,0,0,0,0,0,0,0,0,0,8388608,8388608,2048,3130,2048,0,0,0,0,0,0,0,0,0,0,0,0,0,0,0,0,0,0,0,0,0,0,0,0,0,0,0,0,0,0,0,0,0,
18475,4,2147491840,1212568394,57,3507509441,3507582013,0,3507477041,13120,523,4096,1806646,1022557,1093893,65536,65536,13810,29822,9,"(0, 0, 0, 0, 0, 0, 263102905, 2337426865)",229376,229376,56,1,56,0,0,0,0,0,0,0,0,0,0,0,0,0,0,4194304,4194304,1024,2106,1024,0,0,0,0,0,0,0,0,0,0,0,0,0,0,8388608,8388608,2048,25658,2048,0,0,0,0,0,0,0,0,0,0,0,0,0,0,8388608,8388608,2048,3130,2048,0,0,0,0,0,0,0,0,0,0,0,0,0,0,0,0,0,0,0,0,0,0,0,0,0,0,0,0,0,0,0,0,0,
18475,4,2147491840,1212568394,57,3507509441,3507582042,0,3507477041,13120,523,4096,1806646,997213,1093893,65536,65536,13810,30766,9,"(0, 0, 0, 0, 0, 0, 263102905, 2337426865)",229376,229376,56,1,56,0,0,0,0,0,0,0,0,0,0,0,0,0,0,4194304,4194304,1024,2106,1024,0,0,0,0,0,0,0,0,0,0,0,0,0,0,8388608,8388608,2048,25658,2048,0,0,0,0,0,0,0,0,0,0,0,0,0,0,8388608,8388608,2048,3130,2048,0,0,0,0,0,0,0,0,0,0,0,0,0,0,0,0,0,0,0,0,0,0,0,0,0,0,0,0,0,0,0,0,0,
18475,4,2147491840,1212568394,57,3507509441,3507582072,0,3507477041,13120,523,4096,1806646,969053,1093893,65536,65536,13810,31746,9,"(0, 0, 0, 0, 0, 0, 263102905, 2337426865)",229376,229376,56,1,56,0,0,0,0,0,0,0,0,0,0,0,0,0,0,4194304,4194304,1024,2106,1024,0,0,0,0,0,0,0,0,0,0,0,0,0,0,8388608,8388608,2048,25658,2048,0,0,0,0,0,0,0,0,0,0,0,0,0,0,8388608,8388608,2048,3130,2048,0,0,0,0,0,0,0,0,0,0,0,0,0,0,0,0,0,0,0,0,0,0,0,0,0,0,0,0,0,0,0,0,0,
18475,4,2147491840,1212568394,57,3507509441,3507582102,0,3507477041,13120,523,4096,1806646,940893,1093893,65536,65536,13810,32715,9,"(0, 0, 0, 0, 0, 0, 263102905, 2337426865)",229376,229376,56,1,56,0,0,0,0,0,0,0,0,0,0,0,0,0,0,4194304,4194304,1024,2106,1024,0,0,0,0,0,0,0,0,0,0,0,0,0,0,8388608,8388608,2048,25658,2048,0,0,0,0,0,0,0,0,0,0,0,0,0,0,8388608,8388608,2048,3130,2048,0,0,0,0,0,0,0,0,0,0,0,0,0,0,0,0,0,0,0,0,0,0,0,0,0,0,0,0,0,0,0,0,0,
18475,4,2147491840,1212568394,57,3507509441,3507582133,0,3507477041,13120,523,4096,1806646,912733,1093893,65536,65536,13810,33705,9,"(0, 0, 0, 0, 0, 0, 263102905, 2337426865)",229376,229376,56,1,56,0,0,0,0,0,0,0,0,0,0,0,0,0,0,4194304,4194304,1024,2106,1024,0,0,0,0,0,0,0,0,0,0,0,0,0,0,8388608,8388608,2048,25658,2048,0,0,0,0,0,0,0,0,0,0,0,0,0,0,8388608,8388608,2048,3130,2048,0,0,0,0,0,0,0,0,0,0,0,0,0,0,0,0,0,0,0,0,0,0,0,0,0,0,0,0,0,0,0,0,0,
18475,4,2147491840,1212568394,57,3507509441,3507582163,0,3507477041,13120,523,4096,1806646,884573,1093893,65536,65536,13810,34677,9,"(0, 0, 0, 0, 0, 0, 263102905, 2337426865)",229376,229376,56,1,56,0,0,0,0,0,0,0,0,0,0,0,0,0,0,4194304,4194304,1024,2106,1024,0,0,0,0,0,0,0,0,0,0,0,0,0,0,8388608,8388608,2048,25658,2048,0,0,0,0,0,0,0,0,0,0,0,0,0,0,8388608,8388608,2048,3130,2048,0,0,0,0,0,0,0,0,0,0,0,0,0,0,0,0,0,0,0,0,0,0,0,0,0,0,0,0,0,0,0,0,0,
18475,4,2147491840,1212568394,57,3507509441,3507582192,0,3507477041,13120,523,4096,1806646,856668,1093893,65536,65536,13810,35674,9,"(0, 0, 0, 0, 0, 0, 263102905, 2337426865)",229376,229376,56,1,56,0,0,0,0,0,0,0,0,0,0,0,0,0,0,4194304,4194304,1024,2106,1024,0,0,0,0,0,0,0,0,0,0,0,0,0,0,8388608,8388608,2048,25658,2048,0,0,0,0,0,0,0,0,0,0,0,0,0,0,8388608,8388608,2048,3130,2048,0,0,0,0,0,0,0,0,0,0,0,0,0,0,0,0,0,0,0,0,0,0,0,0,0,0,0,0,0,0,0,0,0,
18475,4,2147491840,1212568394,57,3507509441,3507582222,0,3507477041,13120,523,4096,1806646,828508,1093893,65536,65536,13810,36719,9,"(0, 0, 0, 0, 0, 0, 263102905, 2337426865)",229376,229376,56,1,56,0,0,0,0,0,0,0,0,0,0,0,0,0,0,4194304,4194304,1024,2106,1024,0,0,0,0,0,0,0,0,0,0,0,0,0,0,8388608,8388608,2048,25658,2048,0,0,0,0,0,0,0,0,0,0,0,0,0,0,8388608,8388608,2048,3130,2048,0,0,0,0,0,0,0,0,0,0,0,0,0,0,0,0,0,0,0,0,0,0,0,0,0,0,0,0,0,0,0,0,0,
18475,4,2147491840,1212568394,57,3507509441,3507582253,0,3507477041,13120,523,4096,1806646,797532,1093893,65536,65536,13810,37771,9,"(0, 0, 0, 0, 0, 0, 263102905, 2337426865)",229376,229376,56,1,56,0,0,0,0,0,0,0,0,0,0,0,0,0,0,4194304,4194304,1024,2106,1024,0,0,0,0,0,0,0,0,0,0,0,0,0,0,8388608,8388608,2048,25658,2048,0,0,0,0,0,0,0,0,0,0,0,0,0,0,8388608,8388608,2048,3130,2048,0,0,0,0,0,0,0,0,0,0,0,0,0,0,0,0,0,0,0,0,0,0,0,0,0,0,0,0,0,0,0,0,0,
18475,4,2147491840,1212568394,57,3507509441,3507582283,0,3507477041,13120,523,4096,1806646,766556,1093893,65536,65536,13810,38859,9,"(0, 0, 0, 0, 0, 0, 263102905, 2337426865)",229376,229376,56,1,56,0,0,0,0,0,0,0,0,0,0,0,0,0,0,4194304,4194304,1024,2106,1024,0,0,0,0,0,0,0,0,0,0,0,0,0,0,8388608,8388608,2048,25658,2048,0,0,0,0,0,0,0,0,0,0,0,0,0,0,8388608,8388608,2048,3130,2048,0,0,0,0,0,0,0,0,0,0,0,0,0,0,0,0,0,0,0,0,0,0,0,0,0,0,0,0,0,0,0,0,0,
18475,4,2147491840,1212568394,57,3507509441,3507582312,0,3507477041,13120,523,4096,1806646,738396,1093893,65536,65536,13810,39875,9,"(0, 0, 0, 0, 0, 0, 263102905, 2337426865)",229376,229376,56,1,56,0,0,0,0,0,0,0,0,0,0,0,0,0,0,4194304,4194304,1024,2106,1024,0,0,0,0,0,0,0,0,0,0,0,0,0,0,8388608,8388608,2048,25658,2048,0,0,0,0,0,0,0,0,0,0,0,0,0,0,8388608,8388608,2048,3130,2048,0,0,0,0,0,0,0,0,0,0,0,0,0,0,0,0,0,0,0,0,0,0,0,0,0,0,0,0,0,0,0,0,0,
18475,4,2147491840,1212568394,57,3507509441,3507582342,0,3507477041,13120,523,4096,1806646,707420,1093893,65536,65536,13810,40979,9,"(0, 0, 0, 0, 0, 0, 263102905, 2337426865)",229376,229376,56,1,56,0,0,0,0,0,0,0,0,0,0,0,0,0,0,4194304,4194304,1024,2106,1024,0,0,0,0,0,0,0,0,0,0,0,0,0,0,8388608,8388608,2048,25658,2048,0,0,0,0,0,0,0,0,0,0,0,0,0,0,8388608,8388608,2048,3130,2048,0,0,0,0,0,0,0,0,0,0,0,0,0,0,0,0,0,0,0,0,0,0,0,0,0,0,0,0,0,0,0,0,0,
18475,4,2147491840,1212568394,57,3507509441,3507582373,0,3507477041,13120,523,4096,1806646,676444,1093893,65536,65536,13810,42016,9,"(0, 0, 0, 0, 0, 0, 263102905, 2337426865)",229376,229376,56,1,56,0,0,0,0,0,0,0,0,0,0,0,0,0,0,4194304,4194304,1024,2106,1024,0,0,0,0,0,0,0,0,0,0,0,0,0,0,8388608,8388608,2048,25658,2048,0,0,0,0,0,0,0,0,0,0,0,0,0,0,8388608,8388608,2048,3130,2048,0,0,0,0,0,0,0,0,0,0,0,0,0,0,0,0,0,0,0,0,0,0,0,0,0,0,0,0,0,0,0,0,0,
18475,4,2147491840,1212568394,57,3507509441,3507582402,0,3507477041,13120,523,4096,1806646,645468,1093893,65536,65536,13810,43105,9,"(0, 0, 0, 0, 0, 0, 263102905, 2337426865)",229376,229376,56,1,56,0,0,0,0,0,0,0,0,0,0,0,0,0,0,4194304,4194304,1024,2106,1024,0,0,0,0,0,0,0,0,0,0,0,0,0,0,8388608,8388608,2048,25658,2048,0,0,0,0,0,0,0,0,0,0,0,0,0,0,8388608,8388608,2048,3130,2048,0,0,0,0,0,0,0,0,0,0,0,0,0,0,0,0,0,0,0,0,0,0,0,0,0,0,0,0,0,0,0,0,0,
18475,4,2147491840,1212568394,57,3507509441,3507582433,0,3507477041,13120,523,4096,1806646,617563,1093893,65536,65536,13810,44122,9,"(0, 0, 0, 0, 0, 0, 263102905, 2337426865)",229376,229376,56,1,56,0,0,0,0,0,0,0,0,0,0,0,0,0,0,4194304,4194304,1024,2106,1024,0,0,0,0,0,0,0,0,0,0,0,0,0,0,8388608,8388608,2048,25658,2048,0,0,0,0,0,0,0,0,0,0,0,0,0,0,8388608,8388608,2048,3130,2048,0,0,0,0,0,0,0,0,0,0,0,0,0,0,0,0,0,0,0,0,0,0,0,0,0,0,0,0,0,0,0,0,0,
18475,4,2147491840,1212568394,57,3507509441,3507582462,0,3507477041,13120,523,4096,1806646,589403,1093893,65536,65536,13810,45069,9,"(0, 0, 0, 0, 0, 0, 263102905, 2337426865)",229376,229376,56,1,56,0,0,0,0,0,0,0,0,0,0,0,0,0,0,4194304,4194304,1024,2106,1024,0,0,0,0,0,0,0,0,0,0,0,0,0,0,8388608,8388608,2048,25658,2048,0,0,0,0,0,0,0,0,0,0,0,0,0,0,8388608,8388608,2048,3130,2048,0,0,0,0,0,0,0,0,0,0,0,0,0,0,0,0,0,0,0,0,0,0,0,0,0,0,0,0,0,0,0,0,0,
18475,4,2147491840,1212568394,57,3507509441,3507582493,0,3507477041,13120,523,4096,1806646,561243,1093893,65536,65536,13810,46044,9,"(0, 0, 0, 0, 0, 0, 263102905, 2337426865)",229376,229376,56,1,56,0,0,0,0,0,0,0,0,0,0,0,0,0,0,4194304,4194304,1024,2106,1024,0,0,0,0,0,0,0,0,0,0,0,0,0,0,8388608,8388608,2048,25658,2048,0,0,0,0,0,0,0,0,0,0,0,0,0,0,8388608,8388608,2048,3130,2048,0,0,0,0,0,0,0,0,0,0,0,0,0,0,0,0,0,0,0,0,0,0,0,0,0,0,0,0,0,0,0,0,0,
18475,4,2147491840,1212568394,57,3507509441,3507582523,0,3507477041,13120,523,4096,1806646,538715,1093893,65536,65536,13810,46863,9,"(0, 0, 0, 0, 0, 0, 263102905, 2337426865)",229376,229376,56,1,56,0,0,0,0,0,0,0,0,0,0,0,0,0,0,4194304,4194304,1024,2106,1024,0,0,0,0,0,0,0,0,0,0,0,0,0,0,8388608,8388608,2048,25658,2048,0,0,0,0,0,0,0,0,0,0,0,0,0,0,8388608,8388608,2048,3130,2048,0,0,0,0,0,0,0,0,0,0,0,0,0,0,0,0,0,0,0,0,0,0,0,0,0,0,0,0,0,0,0,0,0,
18475,4,2147491840,1212568394,57,3507509441,3507582553,0,3507477041,13120,523,4096,1806646,513371,27706,65536,65536,13810,47816,9,"(0, 0, 0, 0, 0, 0, 263102905, 2337426865)",229376,229376,56,1,56,0,0,0,0,0,0,0,0,0,0,0,0,0,0,4194304,4194304,1024,2106,1024,0,0,0,0,0,0,0,0,0,0,0,0,0,0,8388608,8388608,2048,25658,2048,0,0,0,0,0,0,0,0,0,0,0,0,0,0,8388608,8388608,2048,3130,2048,0,0,0,0,0,0,0,0,0,0,0,0,0,0,0,0,0,0,0,0,0,0,0,0,0,0,0,0,0,0,0,0,0,
18475,4,2147491840,1212568394,57,3507509441,3507582582,0,3507477041,13120,523,4096,1806646,488027,132365,65536,65536,13810,48630,9,"(0, 0, 0, 0, 0, 0, 263102905, 2337426865)",229376,229376,56,1,56,0,0,0,0,0,0,0,0,0,0,0,0,0,0,4194304,4194304,1024,2106,1024,0,0,0,0,0,0,0,0,0,0,0,0,0,0,8388608,8388608,2048,25658,2048,0,0,0,0,0,0,0,0,0,0,0,0,0,0,8388608,8388608,2048,3130,2048,0,0,0,0,0,0,0,0,0,0,0,0,0,0,0,0,0,0,0,0,0,0,0,0,0,0,0,0,0,0,0,0,0,
18475,4,2147491840,1212568394,57,3507509441,3507582613,0,3507477041,13120,523,4096,1806646,459867,132365,65536,65536,13810,49606,9,"(0, 0, 0, 0, 0, 0, 263102905, 2337426865)",229376,229376,56,1,56,0,0,0,0,0,0,0,0,0,0,0,0,0,0,4194304,4194304,1024,2106,1024,0,0,0,0,0,0,0,0,0,0,0,0,0,0,8388608,8388608,2048,25658,2048,0,0,0,0,0,0,0,0,0,0,0,0,0,0,8388608,8388608,2048,3130,2048,0,0,0,0,0,0,0,0,0,0,0,0,0,0,0,0,0,0,0,0,0,0,0,0,0,0,0,0,0,0,0,0,0,
18475,4,2147491840,1212568394,57,3507509441,3507582642,0,3507477041,13120,523,4096,1806646,434523,132365,65536,65536,13810,50586,9,"(0, 0, 0, 0, 0, 0, 263102905, 2337426865)",229376,229376,56,1,56,0,0,0,0,0,0,0,0,0,0,0,0,0,0,4194304,4194304,1024,2106,1024,0,0,0,0,0,0,0,0,0,0,0,0,0,0,8388608,8388608,2048,25658,2048,0,0,0,0,0,0,0,0,0,0,0,0,0,0,8388608,8388608,2048,3130,2048,0,0,0,0,0,0,0,0,0,0,0,0,0,0,0,0,0,0,0,0,0,0,0,0,0,0,0,0,0,0,0,0,0,
18475,4,2147491840,1212568394,57,3507509441,3507582672,0,3507477041,13120,523,4096,1806646,406363,196613,65536,65536,13810,51500,9,"(0, 0, 0, 0, 0, 0, 263102905, 2337426865)",229376,229376,56,1,56,0,0,0,0,0,0,0,0,0,0,0,0,0,0,4194304,4194304,1024,2106,1024,0,0,0,0,0,0,0,0,0,0,0,0,0,0,8388608,8388608,2048,25658,2048,0,0,0,0,0,0,0,0,0,0,0,0,0,0,8388608,8388608,2048,3130,2048,0,0,0,0,0,0,0,0,0,0,0,0,0,0,0,0,0,0,0,0,0,0,0,0,0,0,0,0,0,0,0,0,0,
18475,4,2147491840,1212568394,57,3507509441,3507582702,0,3507477041,13120,523,4096,1806646,375387,232787,65536,65536,13810,52571,9,"(0, 0, 0, 0, 0, 0, 263102905, 2337426865)",229376,229376,56,1,56,0,0,0,0,0,0,0,0,0,0,0,0,0,0,4194304,4194304,1024,2106,1024,0,0,0,0,0,0,0,0,0,0,0,0,0,0,8388608,8388608,2048,25658,2048,0,0,0,0,0,0,0,0,0,0,0,0,0,0,8388608,8388608,2048,3130,2048,0,0,0,0,0,0,0,0,0,0,0,0,0,0,0,0,0,0,0,0,0,0,0,0,0,0,0,0,0,0,0,0,0,
18475,4,2147491840,1212568394,57,3507509441,3507582732,0,3507477041,13120,523,4096,1806646,353114,590538,65536,65536,13810,53442,9,"(0, 0, 0, 0, 0, 0, 263102905, 2337426865)",229376,229376,56,1,56,0,0,0,0,0,0,0,0,0,0,0,0,0,0,4194304,4194304,1024,2106,1024,0,0,0,0,0,0,0,0,0,0,0,0,0,0,8388608,8388608,2048,25658,2048,0,0,0,0,0,0,0,0,0,0,0,0,0,0,8388608,8388608,2048,3130,2048,0,0,0,0,0,0,0,0,0,0,0,0,0,0,0,0,0,0,0,0,0,0,0,0,0,0,0,0,0,0,0,0,0,
18475,4,2147491840,1212568394,57,3507509441,3507582762,0,3507477041,13120,523,4096,1806646,322138,622987,65536,65536,13810,54460,9,"(0, 0, 0, 0, 0, 0, 263102905, 2337426865)",229376,229376,56,1,56,0,0,0,0,0,0,0,0,0,0,0,0,0,0,4194304,4194304,1024,2106,1024,0,0,0,0,0,0,0,0,0,0,0,0,0,0,8388608,8388608,2048,25658,2048,0,0,0,0,0,0,0,0,0,0,0,0,0,0,8388608,8388608,2048,3130,2048,0,0,0,0,0,0,0,0,0,0,0,0,0,0,0,0,0,0,0,0,0,0,0,0,0,0,0,0,0,0,0,0,0,
18475,4,2147491840,1212568394,57,3507509441,3507582793,0,3507477041,13120,523,4096,1806646,293978,622987,65536,65536,13810,55512,9,"(0, 0, 0, 0, 0, 0, 263102905, 2337426865)",229376,229376,56,1,56,0,0,0,0,0,0,0,0,0,0,0,0,0,0,4194304,4194304,1024,2106,1024,0,0,0,0,0,0,0,0,0,0,0,0,0,0,8388608,8388608,2048,25658,2048,0,0,0,0,0,0,0,0,0,0,0,0,0,0,8388608,8388608,2048,3130,2048,0,0,0,0,0,0,0,0,0,0,0,0,0,0,0,0,0,0,0,0,0,0,0,0,0,0,0,0,0,0,0,0,0,
18475,4,2147491840,1212568394,57,3507509441,3507582822,0,3507477041,13120,523,4096,1806646,263002,622987,65536,65536,13810,56600,9,"(0, 0, 0, 0, 0, 0, 263102905, 2337426865)",229376,229376,56,1,56,0,0,0,0,0,0,0,0,0,0,0,0,0,0,4194304,4194304,1024,2106,1024,0,0,0,0,0,0,0,0,0,0,0,0,0,0,8388608,8388608,2048,25658,2048,0,0,0,0,0,0,0,0,0,0,0,0,0,0,8388608,8388608,2048,3130,2048,0,0,0,0,0,0,0,0,0,0,0,0,0,0,0,0,0,0,0,0,0,0,0,0,0,0,0,0,0,0,0,0,0,
18475,4,2147491840,1212568394,57,3507509441,3507582853,0,3507477041,13120,523,4096,1806646,232026,622987,65536,65536,13810,57653,9,"(0, 0, 0, 0, 0, 0, 263102905, 2337426865)",229376,229376,56,1,56,0,0,0,0,0,0,0,0,0,0,0,0,0,0,4194304,4194304,1024,2106,1024,0,0,0,0,0,0,0,0,0,0,0,0,0,0,8388608,8388608,2048,25658,2048,0,0,0,0,0,0,0,0,0,0,0,0,0,0,8388608,8388608,2048,3130,2048,0,0,0,0,0,0,0,0,0,0,0,0,0,0,0,0,0,0,0,0,0,0,0,0,0,0,0,0,0,0,0,0,0,
18475,4,2147491840,1212568394,57,3507509441,3507582882,0,3507477041,13120,523,4096,1806646,206682,753670,65536,65536,13810,58546,9,"(0, 0, 0, 0, 0, 0, 263102905, 2337426865)",229376,229376,56,1,56,0,0,0,0,0,0,0,0,0,0,0,0,0,0,4194304,4194304,1024,2106,1024,0,0,0,0,0,0,0,0,0,0,0,0,0,0,8388608,8388608,2048,25658,2048,0,0,0,0,0,0,0,0,0,0,0,0,0,0,8388608,8388608,2048,3130,2048,0,0,0,0,0,0,0,0,0,0,0,0,0,0,0,0,0,0,0,0,0,0,0,0,0,0,0,0,0,0,0,0,0,
18475,4,2147491840,1212568394,57,3507509441,3507582913,0,3507477041,13120,523,4096,1806646,178522,753670,65536,65536,13810,59534,9,"(0, 0, 0, 0, 0, 0, 263102905, 2337426865)",229376,229376,56,1,56,0,0,0,0,0,0,0,0,0,0,0,0,0,0,4194304,4194304,1024,2106,1024,0,0,0,0,0,0,0,0,0,0,0,0,0,0,8388608,8388608,2048,25658,2048,0,0,0,0,0,0,0,0,0,0,0,0,0,0,8388608,8388608,2048,3130,2048,0,0,0,0,0,0,0,0,0,0,0,0,0,0,0,0,0,0,0,0,0,0,0,0,0,0,0,0,0,0,0,0,0,
18475,4,2147491840,1212568394,57,3507509441,3507582942,0,3507477041,13120,523,4096,1806646,153178,753670,65536,65536,13810,60478,9,"(0, 0, 0, 0, 0, 0, 263102905, 2337426865)",229376,229376,56,1,56,0,0,0,0,0,0,0,0,0,0,0,0,0,0,4194304,4194304,1024,2106,1024,0,0,0,0,0,0,0,0,0,0,0,0,0,0,8388608,8388608,2048,25658,2048,0,0,0,0,0,0,0,0,0,0,0,0,0,0,8388608,8388608,2048,3130,2048,0,0,0,0,0,0,0,0,0,0,0,0,0,0,0,0,0,0,0,0,0,0,0,0,0,0,0,0,0,0,0,0,0,
18475,4,2147491840,1212568394,57,3507509441,3507582960,0,3507477041,13120,523,4096,1806646,140122,819202,65536,65536,13810,60940,9,"(0, 0, 0, 0, 0, 0, 263102905, 2337426865)",229376,229376,56,1,56,0,0,0,0,0,0,0,0,0,0,0,0,0,0,4194304,4194304,1024,2106,1024,0,0,0,0,0,0,0,0,0,0,0,0,0,0,8388608,8388608,2048,25658,2048,0,0,0,0,0,0,0,0,0,0,0,0,0,0,8388608,8388608,2048,3130,2048,0,0,0,0,0,0,0,0,0,0,0,0,0,0,0,0,0,0,0,0,0,0,0,0,0,0,0,0,0,0,0,0,0,
18475,4,2147491840,1212568394,57,3507509441,3507582960,0,3507477041,13120,523,4096,1806646,140122,819202,65536,65536,13810,60940,9,"(0, 0, 0, 0, 0, 0, 263102905, 2337426865)",229376,229376,56,1,56,0,0,0,0,0,0,0,0,0,0,0,0,0,0,4194304,4194304,1024,2106,1024,0,0,0,0,0,0,0,0,0,0,0,0,0,0,8388608,8388608,2048,25658,2048,0,0,0,0,0,0,0,0,0,0,0,0,0,0,8388608,8388608,2048,3130,2048,0,0,0,0,0,0,0,0,0,0,0,0,0,0,0,0,0,0,0,0,0,0,0,0,0,0,0,0,0,0,0,0,0,
18475,4,2147491840,1212568394,57,3507509441,3507582961,0,3507477041,13123,523,4096,1806646,0,826626,65536,65536,13813,60945,9,"(0, 0, 0, 0, 0, 0, 263102905, 2337426865)",229376,229376,56,1,56,0,0,0,0,0,0,0,0,0,0,0,0,0,0,4194304,4194304,1024,2106,1024,0,0,0,0,0,0,0,0,0,0,0,0,0,0,8388608,8388608,2048,25658,2048,0,0,0,0,0,0,0,0,0,0,0,0,0,0,8388608,8388608,2048,3130,2048,0,0,0,0,0,0,0,0,0,0,0,0,0,0,0,0,0,0,0,0,0,0,0,0,0,0,0,0,0,0,0,0,0,
18475,4,2147491840,1212568394,57,3507509441,3507583147,0,3507477041,13122,523,4096,1806646,1262340,5178,65536,65536,13813,60949,9,"(0, 0, 0, 0, 0, 0, 263102905, 2337426865)",229376,229376,56,1,56,0,0,0,0,0,0,0,0,0,0,0,0,0,0,4194304,4194304,1024,2106,1024,0,0,0,0,0,0,0,0,0,0,0,0,0,0,8388608,8388608,2048,25658,2048,0,0,0,0,0,0,0,0,0,0,0,0,0,0,8388608,8388608,2048,3130,2048,0,0,0,0,0,0,0,0,0,0,0,0,0,0,0,0,0,0,0,0,0,0,0,0,0,0,0,0,0,0,0,0,0,
18475,4,2147491840,1212568394,57,3507509441,3507583157,0,3507477041,13122,523,4096,1806646,1262341,5179,65536,65536,13814,61129,9,"(0, 0, 0, 0, 0, 0, 263102905, 2337426865)",229376,229376,56,1,56,0,0,0,0,0,0,0,0,0,0,0,0,0,0,4194304,4194304,1024,2106,1024,0,0,0,0,0,0,0,0,0,0,0,0,0,0,8388608,8388608,2048,25658,2048,0,0,0,0,0,0,0,0,0,0,0,0,0,0,8388608,8388608,2048,3130,2048,0,0,0,0,0,0,0,0,0,0,0,0,0,0,0,0,0,0,0,0,0,0,0,0,0,0,0,0,0,0,0,0,0,
18475,4,2147491840,1212568394,57,3507509441,3507583160,0,3507477041,13122,523,4096,1806646,1262341,5179,65536,65536,13814,61195,9,"(0, 0, 0, 0, 0, 0, 263102905, 2337426865)",229376,229376,56,1,56,0,0,0,0,0,0,0,0,0,0,0,0,0,0,4194304,4194304,1024,2106,1024,0,0,0,0,0,0,0,0,0,0,0,0,0,0,8388608,8388608,2048,25658,2048,0,0,0,0,0,0,0,0,0,0,0,0,0,0,8388608,8388608,2048,3130,2048,0,0,0,0,0,0,0,0,0,0,0,0,0,0,0,0,0,0,0,0,0,0,0,0,0,0,0,0,0,0,0,0,0,
18475,4,2147491840,1212568394,57,3507509441,3507583184,0,3507477041,13122,523,4096,1806646,1262340,5180,65536,65536,13814,61909,9,"(0, 0, 0, 0, 0, 0, 263102905, 2337426865)",229376,229376,56,1,56,0,0,0,0,0,0,0,0,0,0,0,0,0,0,4194304,4194304,1024,2106,1024,0,0,0,0,0,0,0,0,0,0,0,0,0,0,8388608,8388608,2048,25658,2048,0,0,0,0,0,0,0,0,0,0,0,0,0,0,8388608,8388608,2048,3130,2048,0,0,0,0,0,0,0,0,0,0,0,0,0,0,0,0,0,0,0,0,0,0,0,0,0,0,0,0,0,0,0,0,0,
18475,4,2147491840,1212568394,57,3507509441,3507583213,0,3507477041,13122,523,4096,1806646,1262340,5180,65536,65536,13814,62717,9,"(0, 0, 0, 0, 0, 0, 263102905, 2337426865)",229376,229376,56,1,56,0,0,0,0,0,0,0,0,0,0,0,0,0,0,4194304,4194304,1024,2106,1024,0,0,0,0,0,0,0,0,0,0,0,0,0,0,8388608,8388608,2048,25658,2048,0,0,0,0,0,0,0,0,0,0,0,0,0,0,8388608,8388608,2048,3130,2048,0,0,0,0,0,0,0,0,0,0,0,0,0,0,0,0,0,0,0,0,0,0,0,0,0,0,0,0,0,0,0,0,0,
18475,4,2147491840,1212568394,57,3507509441,3507583244,0,3507477041,13122,523,4096,1806646,1262340,5180,65536,65536,13814,63626,9,"(0, 0, 0, 0, 0, 0, 263102905, 2337426865)",229376,229376,56,1,56,0,0,0,0,0,0,0,0,0,0,0,0,0,0,4194304,4194304,1024,2106,1024,0,0,0,0,0,0,0,0,0,0,0,0,0,0,8388608,8388608,2048,25658,2048,0,0,0,0,0,0,0,0,0,0,0,0,0,0,8388608,8388608,2048,3130,2048,0,0,0,0,0,0,0,0,0,0,0,0,0,0,0,0,0,0,0,0,0,0,0,0,0,0,0,0,0,0,0,0,0,
18475,4,2147491840,1212568394,57,3507509441,3507583274,0,3507477041,13122,523,4096,1806646,1262340,5180,65536,65536,13814,64526,9,"(0, 0, 0, 0, 0, 0, 263102905, 2337426865)",229376,229376,56,1,56,0,0,0,0,0,0,0,0,0,0,0,0,0,0,4194304,4194304,1024,2106,1024,0,0,0,0,0,0,0,0,0,0,0,0,0,0,8388608,8388608,2048,25658,2048,0,0,0,0,0,0,0,0,0,0,0,0,0,0,8388608,8388608,2048,3130,2048,0,0,0,0,0,0,0,0,0,0,0,0,0,0,0,0,0,0,0,0,0,0,0,0,0,0,0,0,0,0,0,0,0,
18475,4,2147491840,1212568394,57,3507509441,3507583307,0,3507477041,13122,523,4096,1806646,1262340,5180,65536,65536,13814,65242,9,"(0, 0, 0, 0, 0, 0, 263102905, 2337426865)",229376,229376,56,1,56,0,0,0,0,0,0,0,0,0,0,0,0,0,0,4194304,4194304,1024,2106,1024,0,0,0,0,0,0,0,0,0,0,0,0,0,0,8388608,8388608,2048,25658,2048,0,0,0,0,0,0,0,0,0,0,0,0,0,0,8388608,8388608,2048,3130,2048,0,0,0,0,0,0,0,0,0,0,0,0,0,0,0,0,0,0,0,0,0,0,0,0,0,0,0,0,0,0,0,0,0,
18475,4,2147491840,1212568394,57,3507509441,3507583319,0,3507477041,13122,523,4096,1806646,1262334,5180,65536,65536,13814,65333,9,"(0, 0, 0, 0, 0, 0, 263102905, 2337426865)",229376,229376,56,1,56,0,0,0,0,0,0,0,0,0,0,0,0,0,0,4194304,4194304,1024,2106,1024,0,0,0,0,0,0,0,0,0,0,0,0,0,0,8388608,8388608,2048,25658,2048,0,0,0,0,0,0,0,0,0,0,0,0,0,0,8388608,8388608,2048,3130,2048,0,0,0,0,0,0,0,0,0,0,0,0,0,0,0,0,0,0,0,0,0,0,0,0,0,0,0,0,0,0,0,0,0,
18475,4,2147491840,1212568394,57,3507509441,3507583340,0,3507477041,13121,523,4096,1806646,1402462,5180,65536,65536,13814,65333,9,"(0, 0, 0, 0, 0, 0, 263102905, 2337426865)",229376,229376,56,1,56,0,0,0,0,0,0,0,0,0,0,0,0,0,0,4194304,4194304,1024,2106,1024,0,0,0,0,0,0,0,0,0,0,0,0,0,0,8388608,8388608,2048,25658,2048,0,0,0,0,0,0,0,0,0,0,0,0,0,0,8388608,8388608,2048,3130,2048,0,0,0,0,0,0,0,0,0,0,0,0,0,0,0,0,0,0,0,0,0,0,0,0,0,0,0,0,0,0,0,0,0,
18475,4,2147491840,1212568394,57,3507509441,3507583393,0,3507477041,13121,523,4096,1806646,1402462,5183,65536,65536,13814,65337,9,"(0, 0, 0, 0, 0, 0, 263102905, 2337426865)",229376,229376,56,1,56,0,0,0,0,0,0,0,0,0,0,0,0,0,0,4194304,4194304,1024,2106,1024,0,0,0,0,0,0,0,0,0,0,0,0,0,0,8388608,8388608,2048,25658,2048,0,0,0,0,0,0,0,0,0,0,0,0,0,0,8388608,8388608,2048,3130,2048,0,0,0,0,0,0,0,0,0,0,0,0,0,0,0,0,0,0,0,0,0,0,0,0,0,0,0,0,0,0,0,0,0,
18475,4,2147491840,1212568394,57,3507509441,3507583393,0,3507477041,13121,523,4096,1806646,1402462,5184,65536,65536,13814,65339,9,"(0, 0, 0, 0, 0, 0, 263102905, 2337426865)",229376,229376,56,1,56,0,0,0,0,0,0,0,0,0,0,0,0,0,0,4194304,4194304,1024,2106,1024,0,0,0,0,0,0,0,0,0,0,0,0,0,0,8388608,8388608,2048,25658,2048,0,0,0,0,0,0,0,0,0,0,0,0,0,0,8388608,8388608,2048,3130,2048,0,0,0,0,0,0,0,0,0,0,0,0,0,0,0,0,0,0,0,0,0,0,0,0,0,0,0,0,0,0,0,0,0,
18475,4,2147491840,1212568394,57,3507509441,3507583422,0,3507477041,13121,523,4096,1806646,1402462,5184,65536,65536,13814,65342,9,"(0, 0, 0, 0, 0, 0, 263102905, 2337426865)",229376,229376,56,1,56,0,0,0,0,0,0,0,0,0,0,0,0,0,0,4194304,4194304,1024,2106,1024,0,0,0,0,0,0,0,0,0,0,0,0,0,0,8388608,8388608,2048,25658,2048,0,0,0,0,0,0,0,0,0,0,0,0,0,0,8388608,8388608,2048,3130,2048,0,0,0,0,0,0,0,0,0,0,0,0,0,0,0,0,0,0,0,0,0,0,0,0,0,0,0,0,0,0,0,0,0,
18475,4,2147491840,1212568394,57,3507509441,3507601060,0,3507477041,13123,523,4096,1806646,1402459,27708,65536,65536,13816,65355,9,"(0, 0, 0, 0, 0, 0, 263102905, 2337426865)",229376,229376,56,1,56,0,0,0,0,0,0,0,0,0,0,0,0,0,0,4194304,4194304,1024,2106,1024,0,0,0,0,0,0,0,0,0,0,0,0,0,0,8388608,8388608,2048,25658,2048,0,0,0,0,0,0,0,0,0,0,0,0,0,0,8388608,8388608,2048,3130,2048,0,0,0,0,0,0,0,0,0,0,0,0,0,0,0,0,0,0,0,0,0,0,0,0,0,0,0,0,0,0,0,0,0,
18475,4,2147492096,1212568394,57,3507509441,3507601060,0,3507477041,13123,523,4096,1806646,1402459,27708,65536,65536,13816,65355,9,"(0, 0, 0, 0, 0, 0, 263102905, 2337426865)",229376,229376,56,1,56,0,0,0,0,0,0,0,0,0,0,0,0,0,0,4194304,4194304,1024,2106,1024,0,0,0,0,0,0,0,0,0,0,0,0,0,0,8388608,8388608,2048,25658,2048,0,0,0,0,0,0,0,0,0,0,0,0,0,0,8388608,8388608,2048,3130,2048,0,0,0,0,0,0,0,0,0,0,0,0,0,0,0,0,0,0,0,0,0,0,0,0,0,0,0,0,0,0,0,0,0,
18475,4,2147491840,1212568394,57,3507509441,3507601512,0,3507477041,13124,523,4096,1806646,1402459,27708,65536,65536,13817,65357,9,"(0, 0, 0, 0, 0, 0, 263102905, 2337426865)",229376,229376,56,1,56,0,0,0,0,0,0,0,0,0,0,0,0,0,0,4194304,4194304,1024,2106,1024,0,0,0,0,0,0,0,0,0,0,0,0,0,0,8388608,8388608,2048,25658,2048,0,0,0,0,0,0,0,0,0,0,0,0,0,0,8388608,8388608,2048,3130,2048,0,0,0,0,0,0,0,0,0,0,0,0,0,0,0,0,0,0,0,0,0,0,0,0,0,0,0,0,0,0,0,0,0,
18475,4,2147491840,1212568394,57,3507509441,3507601755,0,3507477041,13124,523,4096,1806646,1402459,27708,65536,65536,13817,65358,9,"(0, 0, 0, 0, 0, 0, 263102905, 2337426865)",229376,229376,56,1,56,0,0,0,0,0,0,0,0,0,0,0,0,0,0,4194304,4194304,1024,2106,1024,0,0,0,0,0,0,0,0,0,0,0,0,0,0,8388608,8388608,2048,25658,2048,0,0,0,0,0,0,0,0,0,0,0,0,0,0,8388608,8388608,2048,3130,2048,0,0,0,0,0,0,0,0,0,0,0,0,0,0,0,0,0,0,0,0,0,0,0,0,0,0,0,0,0,0,0,0,0,
18475,4,2147491840,1212568394,57,3507509441,3507608230,0,3507477041,13124,523,4096,1806646,1402459,27709,65536,65536,13817,65360,9,"(0, 0, 0, 0, 0, 0, 263102905, 2337426865)",229376,229376,56,1,56,0,0,0,0,0,0,0,0,0,0,0,0,0,0,4194304,4194304,1024,2106,1024,0,0,0,0,0,0,0,0,0,0,0,0,0,0,8388608,8388608,2048,25658,2048,0,0,0,0,0,0,0,0,0,0,0,0,0,0,8388608,8388608,2048,3130,2048,0,0,0,0,0,0,0,0,0,0,0,0,0,0,0,0,0,0,0,0,0,0,0,0,0,0,0,0,0,0,0,0,0,
18475,4,2147491840,1212568394,57,3507509441,3507608254,0,3507477041,13124,523,4096,1806646,1402458,27712,65536,65536,13817,65364,9,"(0, 0, 0, 0, 0, 0, 263102905, 2337426865)",229376,229376,56,1,56,0,0,0,0,0,0,0,0,0,0,0,0,0,0,4194304,4194304,1024,2106,1024,0,0,0,0,0,0,0,0,0,0,0,0,0,0,8388608,8388608,2048,25658,2048,0,0,0,0,0,0,0,0,0,0,0,0,0,0,8388608,8388608,2048,3130,2048,0,0,0,0,0,0,0,0,0,0,0,0,0,0,0,0,0,0,0,0,0,0,0,0,0,0,0,0,0,0,0,0,0,
18475,4,2147491840,1212568394,57,3507509441,3507608411,0,3507477041,13124,523,4096,1806646,1402458,27715,65536,65536,13817,65368,9,"(0, 0, 0, 0, 0, 0, 263102905, 2337426865)",229376,229376,56,1,56,0,0,0,0,0,0,0,0,0,0,0,0,0,0,4194304,4194304,1024,2106,1024,0,0,0,0,0,0,0,0,0,0,0,0,0,0,8388608,8388608,2048,25658,2048,0,0,0,0,0,0,0,0,0,0,0,0,0,0,8388608,8388608,2048,3130,2048,0,0,0,0,0,0,0,0,0,0,0,0,0,0,0,0,0,0,0,0,0,0,0,0,0,0,0,0,0,0,0,0,0,
18475,4,2147491840,1212568394,57,3507509441,3507608412,0,3507477041,13124,523,4096,1806646,1402458,27716,65536,65536,13817,65370,9,"(0, 0, 0, 0, 0, 0, 263102905, 2337426865)",229376,229376,56,1,56,0,0,0,0,0,0,0,0,0,0,0,0,0,0,4194304,4194304,1024,2106,1024,0,0,0,0,0,0,0,0,0,0,0,0,0,0,8388608,8388608,2048,25658,2048,0,0,0,0,0,0,0,0,0,0,0,0,0,0,8388608,8388608,2048,3130,2048,0,0,0,0,0,0,0,0,0,0,0,0,0,0,0,0,0,0,0,0,0,0,0,0,0,0,0,0,0,0,0,0,0,
18475,4,2147491840,1212568394,57,3507509441,3507608434,0,3507477041,13124,523,4096,1806646,1402458,27716,65536,65536,13817,65373,9,"(0, 0, 0, 0, 0, 0, 263102905, 2337426865)",229376,229376,56,1,56,0,0,0,0,0,0,0,0,0,0,0,0,0,0,4194304,4194304,1024,2106,1024,0,0,0,0,0,0,0,0,0,0,0,0,0,0,8388608,8388608,2048,25658,2048,0,0,0,0,0,0,0,0,0,0,0,0,0,0,8388608,8388608,2048,3130,2048,0,0,0,0,0,0,0,0,0,0,0,0,0,0,0,0,0,0,0,0,0,0,0,0,0,0,0,0,0,0,0,0,0,
