offset,keyLength,forkType,pad,fileID,startBlock,extent0/startBlock,extent0/blockCount,extent1/startBlock,extent1/blockCount,extent2/startBlock,extent2/blockCount,extent3/startBlock,extent3/blockCount,extent4/startBlock,extent4/blockCount,extent5/startBlock,extent5/blockCount,extent6/startBlock,extent6/blockCount,extent7/startBlock,extent7/blockCount,
7062030,10,0,0,1200073,86693,26772342,60,26774724,61,26775103,60,26775736,64,26775870,61,26776906,60,655360,1200073,87183,26804523,
7062106,10,0,0,1200073,87183,26837188,60,26837726,61,26837945,59,26838486,62,26838558,65,26838769,60,655360,1200073,87675,26839522,
7062182,10,0,0,1200073,87675,26915473,65,26919212,67,26926418,71,26935172,71,26935309,71,26936229,70,655360,1200073,88204,26936717,
7062258,10,0,0,1200073,88204,26951774,69,26954062,67,26954566,66,26960002,70,26967967,66,26968541,72,655360,1200073,88749,26969466,
7062334,10,0,0,1200073,88749,26969914,67,26970436,69,26971775,70,26973313,71,27000774,70,27001014,67,655360,1200073,89292,27033600,
7062410,10,0,0,1200073,89292,27065465,67,27066514,70,27099136,69,27099243,67,27131965,69,27132044,72,655360,1200073,89842,27154834,
7062486,10,0,0,1200073,89842,27164788,68,27164920,75,27197475,69,27197643,65,27204179,67,27205742,69,655360,1200073,90389,27206127,
7062562,10,0,0,1200073,90389,27211963,62,27230240,69,27230334,65,27230519,71,27231010,63,27232483,70,655360,1200073,90928,27248758,
7062638,10,0,0,1200073,90928,27263395,70,27264011,62,27266350,69,27296035,70,27328591,67,27361468,66,655360,1200073,91466,27394488,
7062714,10,0,0,1200073,91466,27459882,70,27460019,73,27460148,68,27460458,69,27460599,70,27492955,65,655360,1200073,92021,27525337,
7062790,10,0,0,1200073,92021,27539780,66,27539857,65,27539965,69,27558245,70,27581003,62,27582155,64,655360,1200073,92549,27590519,
7062866,10,0,0,1200073,92549,27593227,72,27623526,69,27656097,68,27656417,67,27689097,62,27689295,64,655360,1200073,93083,27689413,
7062942,10,0,0,1200073,93083,27735889,61,27736208,60,27755092,65,27787452,65,27787773,64,27816108,62,655360,1200073,93586,27820168,
7063018,10,0,0,1200073,93586,27820699,61,27852838,62,27885758,61,27918539,60,27951176,61,27951333,62,655360,1200073,94078,27984090,
7063094,10,0,0,1200073,94078,28049408,60,28082314,61,28082418,64,28082505,64,28115035,62,28147771,62,655360,1200073,94570,28168309,
7063170,10,0,0,1200073,94570,28181498,61,28181588,61,28183422,65,28183508,61,28213553,65,28246647,62,655360,1200073,95066,28246822,
7063246,10,0,0,1200073,95066,28278786,62,28283076,61,28302533,61,28303264,62,28310305,61,28311658,61,655360,1200073,95560,28344604,
7063322,10,0,0,1200073,95560,28377397,61,28409973,61,28410270,62,28410394,62,28429651,62,28429729,66,655360,1200073,96058,28433238,
7063398,10,0,0,1200073,96058,28456968,184,28457164,64,28475661,61,28540741,65,28540979,60,28573435,62,655360,1200073,96678,28583757,
7063474,10,0,0,1200073,96678,28638849,64,28639353,60,28640233,61,28640303,65,28671816,62,28672470,75,655360,1200073,97187,28738170,
7063550,10,0,0,1200073,97187,28770197,80,28802702,77,28803108,70,28803820,73,28830043,83,28835875,76,655360,1200073,97796,28838011,
7063626,10,0,0,1200073,97796,28868493,71,28868623,73,28900974,75,28952278,77,28957144,78,29000584,81,655360,1200073,98394,29002788,
7063702,10,0,0,1200073,98394,29064999,83,29097545,74,29098112,72,29118296,46,29164278,74,29167492,77,655360,1200073,98973,29168641,
7063778,10,0,0,1200073,98973,29195981,73,29196707,75,29197081,40,29261824,125,29262151,61,29283305,61,655360,1200073,99555,29290630,
7063854,10,0,0,1200073,99555,29298662,61,29327332,61,29328150,61,29329272,61,29360098,62,29391173,62,655360,1200073,100045,29391245,
7063930,10,0,0,1200073,100045,29393040,61,29395467,60,29425932,62,29438930,61,29439334,60,29445885,62,655360,1200073,100532,29446543,
7064006,10,0,0,1200073,100532,29447887,61,29450290,61,29450644,60,29453933,61,29454399,61,29454531,62,655360,1200073,101020,29455096,
7064082,10,0,0,1200073,101020,29455609,61,29456220,60,29457274,61,29458297,61,29458846,63,29490987,60,655360,1200073,101511,29491386,
7064158,10,0,0,1200073,101511,29492330,67,29521956,75,29523667,74,29524018,74,29524108,73,29527926,69,655360,1200073,102066,29528005,
7064234,10,0,0,1200073,102066,29556460,67,29581700,67,29584510,64,29622086,70,29622272,67,29710055,70,655360,1200073,102614,29757873,
7064310,10,0,0,1200073,102614,29982442,68,30095688,75,30145322,74,30146425,75,30146659,68,30146863,69,655360,1200073,103179,30179351,
7064386,10,0,0,1200073,103179,30212245,72,30245117,72,30245202,71,30277632,69,30277798,70,30310534,65,655360,1200073,103738,30310620,
7064462,10,0,0,1200073,103738,30343159,61,30366319,66,30441561,72,30473969,67,30605123,73,30703699,71,655360,1200073,104272,30736078,
7064538,10,0,0,1200073,104272,30801654,69,30801735,72,30834752,73,30867170,70,30899840,74,30899931,76,655360,1200073,104856,30928771,
7064614,10,0,0,1200073,104856,30966073,75,30990492,64,30990570,68,30996197,67,31062141,70,31062241,64,655360,1200073,105413,31063693,
7064690,10,0,0,1200073,105413,31097073,63,31097292,66,31109882,64,31117223,72,31125880,69,31129881,70,655360,1200073,105944,31132202,
7064766,10,0,0,1200073,105944,31134621,73,31162428,69,31163022,67,31164020,69,31195324,65,31228485,72,655360,1200073,106490,31260225,
7064842,10,0,0,1200073,106490,31260738,69,31261109,70,31261200,73,31293495,72,31294395,71,31295099,73,655360,1200073,107055,31322575,
7064918,10,0,0,1200073,107055,31322858,68,31322942,67,31326263,69,31326397,70,31359283,66,31359387,67,655360,1200073,107598,31359739,
7064994,10,0,0,1200073,107598,31404470,64,0,0,0,0,0,0,0,0,0,0,0,0,0,0,
7078414,10,0,0,9478136,2258,7301163,2,7301198,2,7301209,2,7301213,1,7301222,2,7301230,2,655360,9478136,2273,7301239,
7078490,10,0,0,9478136,2273,7301272,1,7301274,1,7301282,2,7301297,2,7301309,1,7301313,1,655360,9478136,2283,7301316,
7078566,10,0,0,9478136,2283,7301335,1,7301404,1,7301416,1,7301420,1,7301596,1,7301606,1,655360,9478136,2291,7301647,
7078642,10,0,0,9478136,2291,7301680,1,7301709,1,7301715,1,7301726,2,7301730,1,7301789,2,655360,9478136,2302,7301792,
7078718,10,0,0,9478136,2302,7301956,2,7301962,1,7301967,1,7301971,1,7302031,2,7302716,1,655360,9478136,2313,7302733,
7078794,10,0,0,9478136,2313,7304156,1,7304164,1,7304173,2,7304217,1,7304219,1,7304247,2,655360,9478136,2324,7304266,
7078870,10,0,0,9478136,2324,7304285,1,7304290,1,7304317,2,7304331,1,7304334,1,7304347,1,655360,9478136,2333,7304396,
7078946,10,0,0,9478136,2333,7304461,1,7304519,1,7304540,1,7304569,2,7304601,2,7304617,1,655360,9478136,2344,7304626,
7079022,10,0,0,9478136,2344,7304692,1,7304697,1,7304726,2,7304732,2,7304740,2,7304773,2,655360,9478136,2357,7304778,
7079098,10,0,0,9478136,2357,7304944,1,7304980,2,7305080,1,7305094,2,7305098,1,7305104,1,655360,9478136,2367,7305124,
7079174,10,0,0,9478136,2367,7305188,2,7305692,1,0,0,0,0,0,0,0,0,655360,9523438,168,8603564,
7079250,10,0,0,9523438,168,8604107,20,8604289,7,8604542,13,8604593,4,8605339,4,8605351,11,655360,9523438,246,8605385,
7079326,10,0,0,9523438,246,8605779,119,8606270,2,8606340,2,8606345,1,8606473,6,8607039,28,655360,9523438,411,8607076,
7079402,10,0,0,9523438,411,8607145,9,8608781,3,8609012,4,8609060,80,8609151,1,8609276,18,655360,9523503,41,7496968,
7079478,10,0,0,9523503,41,7499218,5,7499264,6,0,0,0,0,0,0,0,0,655360,9523506,124,7539500,
7079554,10,0,0,9523506,124,7542817,4,7543022,10,7546753,10,7546764,1,7546813,3,0,0,655360,9523541,124,7496629,
7079630,10,0,0,9523541,124,0,0,0,0,0,0,0,0,0,0,0,0,655360,9529739,39936,15591140,
7079706,10,0,0,9529739,39936,17466630,16384,17483022,12288,17802115,8192,17896014,6144,0,0,0,0,655360,9568504,14,7455083,
7079782,10,0,0,9568504,14,7455323,2,7455360,1,7455514,1,7457332,2,7457577,2,7457598,1,655360,9568504,26,7457915,
7079858,10,0,0,9568504,26,7458910,2,7459734,2,7459884,2,7460652,1,7462127,2,7462139,1,655360,9568504,38,7462155,
7079934,10,0,0,9568504,38,7463078,2,7463313,1,7463327,1,7463342,1,7463698,1,7464273,1,655360,9568504,47,7464684,
7080010,10,0,0,9568504,47,7469590,1,7471756,1,7471846,1,7471863,1,7471985,1,7472314,1,655360,9568504,55,7472645,
7080086,10,0,0,9568504,55,7472674,2,7472743,1,7472891,1,7473519,1,7473661,1,7474977,2,655360,9568504,65,7475027,
7080162,10,0,0,9568504,65,7475391,1,7475426,1,7475493,1,7475579,1,7475614,1,7475625,2,655360,9568504,75,7475633,
7080238,10,0,0,9568504,75,7475663,1,7475680,1,7475683,1,7475687,1,7475696,1,7475724,1,655360,9568504,83,7476057,
7080314,10,0,0,9568504,83,7477547,2,7477557,2,7478094,1,7478104,2,7478142,1,7478177,2,655360,9568504,95,7478198,
7080390,10,0,0,9568504,95,7478374,2,7478377,1,7479545,1,7479566,1,7479580,2,7479595,2,655360,9568504,108,7479633,
7080466,10,0,0,9568504,108,7479959,2,7479986,2,7479996,1,7480013,2,7480058,1,7480157,1,655360,9568504,119,7480163,
7080542,10,0,0,9568504,119,7480195,2,7480245,2,7480538,1,7480712,1,7480721,2,7480842,2,655360,9568504,132,7480871,
7080618,10,0,0,9568504,132,7481135,1,7482035,1,7482052,1,7482056,1,7483632,1,7483634,2,655360,9568504,141,7489433,
7080694,10,0,0,9568504,141,7489483,2,7489522,1,7489527,1,7489543,1,7489553,1,7489571,1,655360,9568504,151,7489595,
7080770,10,0,0,9568504,151,7489643,1,7489656,1,7489658,1,7489663,1,7489676,2,7489691,1,655360,9568504,160,7489746,
7080846,10,0,0,9568504,160,7490143,2,7490328,1,7490332,2,7490359,1,7490361,1,7490363,1,655360,9568504,171,7490365,
7080922,10,0,0,9568504,171,7490424,1,7490426,2,7490945,2,7491543,1,7491583,2,7491587,2,655360,9568504,183,7491993,
7080998,10,0,0,9568504,183,7492010,2,7492316,1,7492343,1,7492376,1,7492391,1,7492447,2,655360,9568504,194,7492458,
7081074,10,0,0,9568504,194,7492591,2,7492660,1,7492844,2,7492864,2,7492881,1,7492897,1,655360,9568504,206,7492919,
7081150,10,0,0,9568504,206,7492959,1,7493024,1,7493045,1,7493056,1,7493124,1,7493142,1,655360,9568504,216,7493415,
7081226,10,0,0,9568504,216,7493579,2,7493693,1,7493708,1,7493718,1,7494186,2,7494194,2,655360,9568504,228,7494253,
7081302,10,0,0,9568504,228,7494808,1,7494811,1,7494890,2,7494893,2,7494897,1,7494900,4,655360,9568504,242,7494931,
7081378,10,0,0,9568504,242,7494956,1,7494958,2,7494997,1,7495000,2,7495019,1,7495031,2,655360,9568504,253,7495040,
7081454,10,0,0,9568504,253,7495113,1,7495262,1,7495294,2,7495302,2,7495313,3,7495435,1,655360,9568504,266,7495443,
7081530,10,0,0,9568504,266,7495479,2,7495616,2,7495665,2,7496225,2,7496233,1,7496277,1,655360,9568504,280,7496341,
7081606,10,0,0,9568504,280,7496602,2,7496613,2,7496924,1,7496941,1,7496947,1,7496953,1,655360,9568504,291,7496960,
7081682,10,0,0,9568504,291,7496980,1,7497014,2,7497020,2,7497026,1,7497038,2,7497091,1,655360,9568504,302,7497111,
7081758,10,0,0,9568504,302,7497365,1,7497367,2,7497379,2,7497383,1,7497470,2,7497473,2,655360,9568504,316,7497480,
7081834,10,0,0,9568504,316,7497486,1,7497492,2,7497495,2,7497501,2,7497945,2,7498516,2,655360,9568504,331,7498524,
7081910,10,0,0,9568504,331,7498643,2,7498712,1,7498770,2,7498779,1,7498806,1,7498811,1,655360,9568504,342,7498919,
7081986,10,0,0,9568504,342,7498979,1,7498984,1,7499051,2,7499089,2,7499098,2,7499108,1,655360,9568504,354,7499359,
7082062,10,0,0,9568504,354,7499434,1,7499437,3,7499466,1,7499501,2,7499519,2,7499853,1,655360,9568504,368,7499901,
7082138,10,0,0,9568504,368,7499916,1,7501267,1,7501281,1,7501284,1,7501289,1,7501297,1,655360,9568504,377,7501316,
7082214,10,0,0,9568504,377,7502307,2,7502312,1,7502511,2,7502516,1,7502963,1,7502999,1,655360,9568504,388,7503322,
7082290,10,0,0,9568504,388,7503384,1,7503410,1,7503413,2,7503419,1,7503424,1,7503429,1,0,0,0,0,
7393806,10,0,0,1196331,341,7290318,2,7290337,3,7290412,1,7290414,10,7290483,3,7290494,2,655360,1196331,366,7290498,
7393882,10,0,0,1196331,366,7290523,2,7290546,2,7290618,1,7290631,3,7290662,1,7290666,3,655360,1196331,388,7290823,
7393958,10,0,0,1196331,388,7291018,1,7291020,2,7291037,1,7291052,1,7291056,1,7291471,5,655360,1196331,401,7291530,
7394034,10,0,0,1196331,401,7291566,1,7291574,2,7291577,3,7291581,1,7291584,1,7291621,1,655360,1196331,412,7292625,
7394110,10,0,0,1196331,412,7292722,11,7292751,2,7292764,2,7292835,5,7292915,1,7292922,2,655360,1196331,442,7292964,
7394186,10,0,0,1196331,442,7292983,2,7293174,3,7293188,1,7293197,1,7293203,2,7293206,7,655360,1196331,462,7293214,
7394262,10,0,0,1196331,462,7296538,1,7296627,5,7296641,2,7296653,2,7296669,3,7296706,2,655360,1196331,487,7296720,
7394338,10,0,0,1196331,487,7296811,1,7296823,1,7296865,3,7296883,10,7296914,1,7296988,2,655360,1196331,510,7297006,
7394414,10,0,0,1196331,510,7297068,1,7297109,1,7297111,2,7297124,1,7297128,1,7297142,1,655360,1196331,525,7297149,
7394490,10,0,0,1196331,525,7297165,2,7297168,3,7297253,3,7299574,2,7299814,2,7299818,2,655360,1196331,541,7300118,
7394566,10,0,0,1196331,541,7300750,4,7300769,2,7300787,7,7300818,2,7300821,1,7300831,4,655360,1196331,575,7300881,
7394642,10,0,0,1196331,575,7301085,2,7301200,1,7301216,1,7301284,2,7301291,1,7301293,1,655360,1196331,588,7301305,
7394718,10,0,0,1196331,588,7301311,2,7301314,2,7301317,2,7301336,2,7301663,2,7301820,2,655360,1196331,603,7301874,
7394794,10,0,0,1196331,603,7301958,2,7301961,1,7302074,1,7302078,1,7302080,1,7304330,1,655360,1196331,613,7304395,
7394870,10,0,0,1196331,613,7304468,1,7304487,1,7304508,2,7304643,1,7304704,1,7304712,3,655360,1196331,624,7304755,
7394946,10,0,0,1196331,624,7304785,3,7304972,3,7305076,1,7305087,2,7305090,2,7305176,2,655360,1196331,646,7305179,
7395022,10,0,0,1196331,646,7305187,1,7305700,4,7306104,3,7306124,4,7306254,3,7306320,2,655360,1196331,667,7306335,
7395098,10,0,0,1196331,667,7306375,2,7306454,1,7306458,2,7306477,3,7306493,2,7306496,2,655360,1196331,683,7306676,
7395174,10,0,0,1196331,683,7306844,2,7306847,2,7306965,2,7306968,2,7306971,2,7306986,1,655360,1196331,696,7307042,
7395250,10,0,0,1196331,696,7307050,2,7307106,2,7307109,2,7307372,1,7307446,3,7307450,1,655360,1196331,711,7307536,
7395326,10,0,0,1196331,711,7307630,3,7307706,3,7307719,1,7307737,6,7307887,5,7307901,1,655360,1196331,732,7307907,
7395402,10,0,0,1196331,732,7307965,1,7308352,2,7308387,2,7308416,1,7308457,2,7308462,1,655360,1196331,743,7308583,
7395478,10,0,0,1196331,743,7308925,2,7308957,1,7308965,1,7308994,1,7309035,1,7309076,1,655360,1196331,753,7309093,
7395554,10,0,0,1196331,753,7309355,1,7309433,7,7309481,8,7309502,2,7309511,1,7309697,1,655360,1196331,775,7309734,
7395630,10,0,0,1196331,775,7309757,1,7309767,2,7309771,1,7309774,3,7310121,1,7310126,2,655360,1196331,794,7310130,
7395706,10,0,0,1196331,794,7310151,4,7310331,3,7310358,2,7310362,1,7310422,1,7310427,9,655360,1196331,822,7310448,
7395782,10,0,0,1196331,822,7310536,3,7310548,1,7310580,7,7310627,1,7310631,2,7310751,1,655360,1196331,840,7310762,
7395858,10,0,0,1196331,840,7311028,2,7311045,3,7311177,3,7311197,1,7311206,1,7311372,2,655360,1196331,855,7311550,
7395934,10,0,0,1196331,855,7312776,3,7312784,1,7312870,1,7313091,1,7313098,3,7313134,6,655360,1196331,877,7313141,
7396010,10,0,0,1196331,877,7313182,1,7313203,1,7313258,1,7313260,2,7313338,2,7313348,1,655360,1196331,894,7313359,
7396086,10,0,0,1196331,894,7313444,1,7313603,2,7313620,3,7313698,1,7313770,2,7313777,1,655360,1196331,907,7313781,
7396162,10,0,0,1196331,907,7314170,1,7314318,7,7314333,1,7314399,1,7314401,1,7314426,1,655360,1196331,923,7314513,
7396238,10,0,0,1196331,923,7314902,1,0,0,0,0,0,0,0,0,0,0,0,0,0,0,
7811598,10,0,0,1196331,341,7290318,2,7290337,3,7290412,1,7290414,10,7290483,3,7290494,2,655360,1196331,366,7290498,
7811674,10,0,0,1196331,366,7290523,2,7290546,2,7290618,1,7290631,3,7290662,1,7290666,3,655360,1196331,388,7290823,
7811750,10,0,0,1196331,388,7291018,1,7291020,2,7291037,1,7291052,1,7291056,1,7291471,5,655360,1196331,401,7291530,
7811826,10,0,0,1196331,401,7291566,1,7291574,2,7291577,3,7291581,1,7291584,1,7291621,1,655360,1196331,412,7292625,
7811902,10,0,0,1196331,412,7292722,11,7292751,2,7292764,2,7292835,5,7292915,1,7292922,2,655360,1196331,442,7292964,
7811978,10,0,0,1196331,442,7292983,2,7293174,3,7293188,1,7293197,1,7293203,2,7293206,7,655360,1196331,462,7293214,
7812054,10,0,0,1196331,462,7296538,1,7296627,5,7296641,2,7296653,2,7296669,3,7296706,2,655360,1196331,487,7296720,
7812130,10,0,0,1196331,487,7296811,1,7296823,1,7296865,3,7296883,10,7296914,1,7296988,2,655360,1196331,510,7297006,
7812206,10,0,0,1196331,510,7297068,1,7297109,1,7297111,2,7297124,1,7297128,1,7297142,1,655360,1196331,525,7297149,
7812282,10,0,0,1196331,525,7297165,2,7297168,3,7297253,3,7299574,2,7299814,2,7299818,2,655360,1196331,541,7300118,
7812358,10,0,0,1196331,541,7300750,4,7300769,2,7300787,7,7300818,2,7300821,1,7300831,4,655360,1196331,575,7300881,
7812434,10,0,0,1196331,575,7301085,2,7301200,1,7301216,1,7301284,2,7301291,1,7301293,1,655360,1196331,588,7301305,
7812510,10,0,0,1196331,588,7301311,2,7301314,2,7301317,2,7301336,2,7301663,2,7301820,2,655360,1196331,603,7301874,
7812586,10,0,0,1196331,603,7301958,2,7301961,1,7302074,1,7302078,1,7302080,1,7304330,1,655360,1196331,613,7304395,
7812662,10,0,0,1196331,613,7304468,1,7304487,1,7304508,2,7304643,1,7304704,1,7304712,3,655360,1196331,624,7304755,
7812738,10,0,0,1196331,624,7304785,3,7304972,3,7305076,1,7305087,2,7305090,2,7305176,2,655360,1196331,646,7305179,
7812814,10,0,0,1196331,646,7305187,1,7305700,4,7306104,3,7306124,4,7306254,3,7306320,2,655360,1196331,667,7306335,
7812890,10,0,0,1196331,667,7306375,2,7306454,1,7306458,2,7306477,3,7306493,2,7306496,2,655360,1196331,683,7306676,
7812966,10,0,0,1196331,683,7306844,2,7306847,2,7306965,2,7306968,2,7306971,2,7306986,1,655360,1196331,696,7307042,
7813042,10,0,0,1196331,696,7307050,2,7307106,2,7307109,2,7307372,1,7307446,3,7307450,1,655360,1196331,711,7307536,
7813118,10,0,0,1196331,711,7307630,3,7307706,3,7307719,1,7307737,6,7307887,5,7307901,1,655360,1196331,732,7307907,
7813194,10,0,0,1196331,732,7307965,1,7308352,2,7308387,2,7308416,1,7308457,2,7308462,1,655360,1196331,743,7308583,
7813270,10,0,0,1196331,743,7308925,2,7308957,1,7308965,1,7308994,1,7309035,1,7309076,1,655360,1196331,753,7309093,
7813346,10,0,0,1196331,753,7309355,1,7309433,7,7309481,8,7309502,2,7309511,1,7309697,1,655360,1196331,775,7309734,
7813422,10,0,0,1196331,775,7309757,1,7309767,2,7309771,1,7309774,3,7310121,1,7310126,2,655360,1196331,794,7310130,
7813498,10,0,0,1196331,794,7310151,4,7310331,3,7310358,2,7310362,1,7310422,1,7310427,9,655360,1196331,822,7310448,
7813574,10,0,0,1196331,822,7310536,3,7310548,1,7310580,7,7310627,1,7310631,2,7310751,1,655360,1196331,840,7310762,
7813650,10,0,0,1196331,840,7311028,2,7311045,3,7311177,3,7311197,1,7311206,1,7311372,2,655360,1196331,855,7311550,
7813726,10,0,0,1196331,855,7312776,3,7312784,1,7312870,1,7313091,1,7313098,3,7313134,6,655360,1196331,877,7313141,
7813802,10,0,0,1196331,877,7313182,1,7313203,1,7313258,1,7313260,2,7313338,2,7313348,1,655360,1196331,894,7313359,
7813878,10,0,0,1196331,894,7313444,1,7313603,2,7313620,3,7313698,1,7313770,2,7313777,1,655360,1196331,907,7313781,
7813954,10,0,0,1196331,907,7314170,1,7314318,7,7314333,1,7314399,1,7314401,1,7314426,1,655360,1196331,923,7314513,
7814030,10,0,0,1196331,923,7314902,1,7321356,1,7321537,3,0,0,0,0,0,0,0,0,0,0,
8180238,10,0,0,1196331,341,7290318,2,7290337,3,7290412,1,7290414,10,7290483,3,7290494,2,655360,1196331,366,7290498,
8180314,10,0,0,1196331,366,7290523,2,7290546,2,7290618,1,7290631,3,7290662,1,7290666,3,655360,1196331,388,7290823,
8180390,10,0,0,1196331,388,7291018,1,7291020,2,7291037,1,7291052,1,7291056,1,7291471,5,655360,1196331,401,7291530,
8180466,10,0,0,1196331,401,7291566,1,7291574,2,7291577,3,7291581,1,7291584,1,7291621,1,655360,1196331,412,7292625,
8180542,10,0,0,1196331,412,7292722,11,7292751,2,7292764,2,7292835,5,7292915,1,7292922,2,655360,1196331,442,7292964,
8180618,10,0,0,1196331,442,7292983,2,7293174,3,7293188,1,7293197,1,7293203,2,7293206,7,655360,1196331,462,7293214,
8180694,10,0,0,1196331,462,7296538,1,7296627,5,7296641,2,7296653,2,7296669,3,7296706,2,655360,1196331,487,7296720,
8180770,10,0,0,1196331,487,7296811,1,7296823,1,7296865,3,7296883,10,7296914,1,7296988,2,655360,1196331,510,7297006,
8180846,10,0,0,1196331,510,7297068,1,7297109,1,7297111,2,7297124,1,7297128,1,7297142,1,655360,1196331,525,7297149,
8180922,10,0,0,1196331,525,7297165,2,7297168,3,7297253,3,7299574,2,7299814,2,7299818,2,655360,1196331,541,7300118,
8180998,10,0,0,1196331,541,7300750,4,7300769,2,7300787,7,7300818,2,7300821,1,7300831,4,655360,1196331,575,7300881,
8181074,10,0,0,1196331,575,7301085,2,7301200,1,7301216,1,7301284,2,7301291,1,7301293,1,655360,1196331,588,7301305,
8181150,10,0,0,1196331,588,7301311,2,7301314,2,7301317,2,7301336,2,7301663,2,7301820,2,655360,1196331,603,7301874,
8181226,10,0,0,1196331,603,7301958,2,7301961,1,7302074,1,7302078,1,7302080,1,7304330,1,655360,1196331,613,7304395,
8181302,10,0,0,1196331,613,7304468,1,7304487,1,7304508,2,7304643,1,7304704,1,7304712,3,655360,1196331,624,7304755,
8181378,10,0,0,1196331,624,7304785,3,7304972,3,7305076,1,7305087,2,7305090,2,7305176,2,655360,1196331,646,7305179,
8181454,10,0,0,1196331,646,7305187,1,7305700,4,7306104,3,7306124,4,7306254,3,7306320,2,655360,1196331,667,7306335,
8181530,10,0,0,1196331,667,7306375,2,7306454,1,7306458,2,7306477,3,7306493,2,7306496,2,655360,1196331,683,7306676,
8181606,10,0,0,1196331,683,7306844,2,7306847,2,7306965,2,7306968,2,7306971,2,7306986,1,655360,1196331,696,7307042,
8181682,10,0,0,1196331,696,7307050,2,7307106,2,7307109,2,7307372,1,7307446,3,7307450,1,655360,1196331,711,7307536,
8181758,10,0,0,1196331,711,7307630,3,7307706,3,7307719,1,7307737,6,7307887,5,7307901,1,655360,1196331,732,7307907,
8181834,10,0,0,1196331,732,7307965,1,7308352,2,7308387,2,7308416,1,7308457,2,7308462,1,655360,1196331,743,7308583,
8181910,10,0,0,1196331,743,7308925,2,7308957,1,7308965,1,7308994,1,7309035,1,7309076,1,655360,1196331,753,7309093,
8181986,10,0,0,1196331,753,7309355,1,7309433,7,7309481,8,7309502,2,7309511,1,7309697,1,655360,1196331,775,7309734,
8182062,10,0,0,1196331,775,7309757,1,7309767,2,7309771,1,7309774,3,7310121,1,7310126,2,655360,1196331,794,7310130,
8182138,10,0,0,1196331,794,7310151,4,7310331,3,7310358,2,7310362,1,7310422,1,7310427,9,655360,1196331,822,7310448,
8182214,10,0,0,1196331,822,7310536,3,7310548,1,7310580,7,7310627,1,7310631,2,7310751,1,655360,1196331,840,7310762,
8182290,10,0,0,1196331,840,7311028,2,7311045,3,7311177,3,7311197,1,7311206,1,7311372,2,655360,1196331,855,7311550,
8182366,10,0,0,1196331,855,7312776,3,7312784,1,7312870,1,7313091,1,7313098,3,7313134,6,655360,1196331,877,7313141,
8182442,10,0,0,1196331,877,7313182,1,7313203,1,7313258,1,7313260,2,7313338,2,7313348,1,655360,1196331,894,7313359,
8182518,10,0,0,1196331,894,7313444,1,7313603,2,7313620,3,7313698,1,7313770,2,7313777,1,655360,1196331,907,7313781,
8182594,10,0,0,1196331,907,7314170,1,7314318,7,7314333,1,7314399,1,7314401,1,7314426,1,655360,1196331,923,7314513,
8182670,10,0,0,1196331,923,7314902,1,7321356,1,7321537,3,7321542,1,7321807,2,7322345,1,0,0,0,0,
8204814,10,0,0,1483452,1472,8421617,352,8463596,160,8464216,160,8466451,64,8466535,64,8466648,160,655360,1483452,2528,8486960,
8204890,10,0,0,1483452,2528,8487775,352,8488190,160,8488400,32,8489018,192,8492841,96,8494569,128,655360,1483452,3712,8497262,
8204966,10,0,0,1483452,3712,0,0,0,0,0,0,0,0,0,0,0,0,655360,1509362,90,7764052,
8205042,10,0,0,1509362,90,7771748,12,7771871,14,7771886,2,7772906,18,7773044,7,7773058,14,655360,1509362,186,7773148,
8205118,10,0,0,1509362,186,7773643,22,0,0,0,0,0,0,0,0,0,0,655360,1512754,529,7356623,
8205194,10,0,0,1512754,529,7357591,64,7357813,15,7358174,44,7360984,96,7389884,39,7392437,86,655360,1512754,1086,7405385,
8205270,10,0,0,1512754,1086,7477917,78,7478081,3,7494674,32,7495192,32,7496871,12,7503721,50,655360,1512754,1481,7515037,
8205346,10,0,0,1512754,1481,7529778,11,7529799,13,7531890,25,7541459,31,7541535,13,7541632,9,655360,1512754,1631,7541673,
8205422,10,0,0,1512754,1631,7546538,20,7546790,22,7548461,1,7549231,5,7578952,18,7582987,7,655360,1512754,1734,7728340,
8205498,10,0,0,1512754,1734,7733815,105,7748025,116,7748518,35,7748554,4,7998198,73,8145875,51,655360,1512754,2382,8184495,
8205574,10,0,0,1512754,2382,8270889,40,8272140,11,8274994,36,8503859,81,8520827,18,8520882,3,655360,1512754,2619,8521682,
8205650,10,0,0,1512754,2619,8631438,60,8739433,110,8849166,124,8849323,1,8849327,5,8850066,13,655360,1512754,3007,8850374,
8205726,10,0,0,1512754,3007,8889632,3,8901220,20,8902594,29,8902753,5,8903709,39,8922162,123,655360,1512754,3300,8996278,
8205802,10,0,0,1512754,3300,9013064,5,9013099,11,9138521,86,9171613,23,9171649,12,9473779,42,655360,1512754,3613,9476009,
8205878,10,0,0,1512754,3613,9534274,108,9534638,141,9534784,32,9534952,105,9535313,94,9535429,72,655360,1512754,4315,9540719,
8205954,10,0,0,1512754,4315,9567199,101,9567342,25,9567515,53,9569115,325,9569908,285,9570639,35,655360,1512754,5212,9571028,
8206030,10,0,0,1512754,5212,0,0,0,0,0,0,0,0,0,0,0,0,655360,1512757,29,7324185,
8206106,10,0,0,1512757,29,0,0,0,0,0,0,0,0,0,0,0,0,0,0,0,0,
9056782,10,0,0,1483452,1472,8421617,352,8463596,160,8464216,160,8466451,64,8466535,64,8466648,160,655360,1483452,2528,8486960,
9056858,10,0,0,1483452,2528,8487775,352,8488190,160,8488400,32,8489018,192,8492841,96,8494569,128,655360,1483452,3712,8497262,
9056934,10,0,0,1483452,3712,0,0,0,0,0,0,0,0,0,0,0,0,655360,1509362,90,7764052,
9057010,10,0,0,1509362,90,7771748,12,7771871,14,7771886,2,7772906,18,7773044,7,7773058,14,655360,1509362,186,7773148,
9057086,10,0,0,1509362,186,7773643,22,0,0,0,0,0,0,0,0,0,0,655360,1512754,529,7356623,
9057162,10,0,0,1512754,529,7357591,64,7357813,15,7358174,44,7360984,96,7389884,39,7392437,86,655360,1512754,1086,7405385,
9057238,10,0,0,1512754,1086,7477917,78,7478081,3,7494674,32,7495192,32,7496871,12,7503721,50,655360,1512754,1481,7515037,
9057314,10,0,0,1512754,1481,7529778,11,7529799,13,7531890,25,7541459,31,7541535,13,7541632,9,655360,1512754,1631,7541673,
9057390,10,0,0,1512754,1631,7546538,20,7546790,22,7548461,1,7549231,5,7578952,18,7582987,7,655360,1512754,1734,7728340,
9057466,10,0,0,1512754,1734,7733815,105,7748025,116,7748518,35,7748554,4,7998198,73,8145875,51,655360,1512754,2382,8184495,
9057542,10,0,0,1512754,2382,8270889,40,8272140,11,8274994,36,8503859,81,8520827,18,8520882,3,655360,1512754,2619,8521682,
9057618,10,0,0,1512754,2619,8631438,60,8739433,110,8849166,124,8849323,1,8849327,5,8850066,13,655360,1512754,3007,8850374,
9057694,10,0,0,1512754,3007,8889632,3,8901220,20,8902594,29,8902753,5,8903709,39,8922162,123,655360,1512754,3300,8996278,
9057770,10,0,0,1512754,3300,9013064,5,9013099,11,9138521,86,9171613,23,9171649,12,9473779,42,655360,1512754,3613,9476009,
9057846,10,0,0,1512754,3613,9534274,108,9534638,141,9534784,32,9534952,105,9535313,94,9535429,72,655360,1512754,4315,9540719,
9057922,10,0,0,1512754,4315,9567199,101,9567342,25,9567515,53,9569115,325,9569908,285,9570639,35,655360,1512754,5212,9571028,
9057998,10,0,0,1512754,5212,0,0,0,0,0,0,0,0,0,0,0,0,655360,1512757,29,7324185,
9058074,10,0,0,1512757,29,7324257,3,7324277,3,0,0,0,0,0,0,0,0,0,0,0,0,
9179662,10,0,0,9125709,21,7314196,2,7314904,3,0,0,0,0,0,0,0,0,655360,9125952,22,8700443,
9179738,10,0,0,9125952,22,8700466,1,8700484,2,8700494,7,8700564,3,8700574,3,8700578,3,655360,9125952,46,8700778,
9179814,10,0,0,9125952,46,8701340,14,8701389,4,8701458,8,8701467,1,8701496,3,8701595,6,655360,9125952,101,8701910,
9179890,10,0,0,9125952,101,8702058,17,8702379,4,8702385,23,8702412,80,8702501,9,0,0,655360,9125962,9,8700772,
9179966,10,0,0,9125962,9,8701231,1,8701250,12,0,0,0,0,0,0,0,0,655360,9126140,281,9445270,
9180042,10,0,0,9126140,281,9445457,12,9445479,58,9445539,38,9445580,2,9445955,24,9445981,2,655360,9126140,540,9445996,
9180118,10,0,0,9126140,540,0,0,0,0,0,0,0,0,0,0,0,0,655360,9132476,35,7601993,
9180194,10,0,0,9132476,35,7602328,6,7602401,3,7602676,4,7602756,5,7602772,5,0,0,655360,9132775,15,7529985,
9180270,10,0,0,9132775,15,7530038,1,7530069,1,7530082,2,7530101,2,7530126,1,7530652,4,655360,9132775,28,7530801,
9180346,10,0,0,9132775,28,7530853,1,7531000,1,7531684,3,7531751,2,7539042,11,0,0,655360,9132811,11,7529558,
9180422,10,0,0,9132811,11,7529877,1,7529918,1,7530556,1,7530571,1,7530591,1,7531457,8,655360,9132811,26,7538338,
9180498,10,0,0,9132811,26,7539477,8,0,0,0,0,0,0,0,0,0,0,655360,9150723,250,7783077,
9180574,10,0,0,9150723,250,7783095,35,7783143,1,7783152,60,7783635,4,7783652,6,7783665,7,655360,9150723,377,7783799,
9180650,10,0,0,9150723,377,7783911,11,7783981,2,9279312,538,9279887,70,9280536,11,9281172,10,655360,9150723,1099,9281273,
9180726,10,0,0,9150723,1099,0,0,0,0,0,0,0,0,0,0,0,0,655360,9165546,36,7540182,
9180802,10,0,0,9165546,36,7540319,3,7541505,8,7548578,6,7583271,6,7583512,4,7583531,3,655360,9165546,93,7583553,
9180878,10,0,0,9165546,93,7583583,10,7583725,6,7583888,6,7583938,3,7584034,6,7584046,3,655360,9165546,133,7584065,
9180954,10,0,0,9165546,133,7584343,3,7584361,2,7584416,7,7584487,3,7584744,13,7584795,8,655360,9165546,178,7588042,
9181030,10,0,0,9165546,178,7590867,10,7590881,2,7590884,1,7591055,9,7591264,11,7591412,8,655360,9165546,228,7591634,
9181106,10,0,0,9165546,228,7592000,6,7593352,16,7593373,3,7593451,19,7593486,11,7593509,8,655360,9165546,299,7593647,
9181182,10,0,0,9165546,299,7593804,19,7593848,14,7594125,5,7594134,6,7594160,17,7594187,16,655360,9165546,401,7594326,
9181258,10,0,0,9165546,401,7594358,19,7594423,6,7594440,7,7594449,15,7594467,20,7594509,6,655360,9165546,493,7594524,
9181334,10,0,0,9165546,493,7594558,16,7594679,16,7594706,9,7594734,10,7594748,2,7594849,3,655360,9165546,574,7594920,
9181410,10,0,0,9165546,574,7595000,22,7595037,22,7595063,13,7595078,6,7595088,6,7595121,1,655360,9165546,671,7595124,
9181486,10,0,0,9165546,671,7595163,3,7595216,8,7595248,3,7595298,15,7595509,6,7596522,6,655360,9165546,736,7597528,
9181562,10,0,0,9165546,736,7598397,3,7598409,9,0,0,0,0,0,0,0,0,655360,9181065,174,7749371,
9181638,10,0,0,9181065,174,7749673,5,0,0,0,0,0,0,0,0,0,0,0,0,0,0,
9880078,10,0,0,1196331,341,7290318,2,7290337,3,7290412,1,7290414,10,7290483,3,7290494,2,655360,1196331,366,7290498,
9880154,10,0,0,1196331,366,7290523,2,7290546,2,7290618,1,7290631,3,7290662,1,7290666,3,655360,1196331,388,7290823,
9880230,10,0,0,1196331,388,7291018,1,7291020,2,7291037,1,7291052,1,7291056,1,7291471,5,655360,1196331,401,7291530,
9880306,10,0,0,1196331,401,7291566,1,7291574,2,7291577,3,7291581,1,7291584,1,7291621,1,655360,1196331,412,7292625,
9880382,10,0,0,1196331,412,7292722,11,7292751,2,7292764,2,7292835,5,7292915,1,7292922,2,655360,1196331,442,7292964,
9880458,10,0,0,1196331,442,7292983,2,7293174,3,7293188,1,7293197,1,7293203,2,7293206,7,655360,1196331,462,7293214,
9880534,10,0,0,1196331,462,7296538,1,7296627,5,7296641,2,7296653,2,7296669,3,7296706,2,655360,1196331,487,7296720,
9880610,10,0,0,1196331,487,7296811,1,7296823,1,7296865,3,7296883,10,7296914,1,7296988,2,655360,1196331,510,7297006,
9880686,10,0,0,1196331,510,7297068,1,7297109,1,7297111,2,7297124,1,7297128,1,7297142,1,655360,1196331,525,7297149,
9880762,10,0,0,1196331,525,7297165,2,7297168,3,7297253,3,7299574,2,7299814,2,7299818,2,655360,1196331,541,7300118,
9880838,10,0,0,1196331,541,7300750,4,7300769,2,7300787,7,7300818,2,7300821,1,7300831,4,655360,1196331,575,7300881,
9880914,10,0,0,1196331,575,7301085,2,7301200,1,7301216,1,7301284,2,7301291,1,7301293,1,655360,1196331,588,7301305,
9880990,10,0,0,1196331,588,7301311,2,7301314,2,7301317,2,7301336,2,7301663,2,7301820,2,655360,1196331,603,7301874,
9881066,10,0,0,1196331,603,7301958,2,7301961,1,7302074,1,7302078,1,7302080,1,7304330,1,655360,1196331,613,7304395,
9881142,10,0,0,1196331,613,7304468,1,7304487,1,7304508,2,7304643,1,7304704,1,7304712,3,655360,1196331,624,7304755,
9881218,10,0,0,1196331,624,7304785,3,7304972,3,7305076,1,7305087,2,7305090,2,7305176,2,655360,1196331,646,7305179,
9881294,10,0,0,1196331,646,7305187,1,7305700,4,7306104,3,7306124,4,7306254,3,7306320,2,655360,1196331,667,7306335,
9881370,10,0,0,1196331,667,7306375,2,7306454,1,7306458,2,7306477,3,7306493,2,7306496,2,655360,1196331,683,7306676,
9881446,10,0,0,1196331,683,7306844,2,7306847,2,7306965,2,7306968,2,7306971,2,7306986,1,655360,1196331,696,7307042,
9881522,10,0,0,1196331,696,7307050,2,7307106,2,7307109,2,7307372,1,7307446,3,7307450,1,655360,1196331,711,7307536,
9881598,10,0,0,1196331,711,7307630,3,7307706,3,7307719,1,7307737,6,7307887,5,7307901,1,655360,1196331,732,7307907,
9881674,10,0,0,1196331,732,7307965,1,7308352,2,7308387,2,7308416,1,7308457,2,7308462,1,655360,1196331,743,7308583,
9881750,10,0,0,1196331,743,7308925,2,7308957,1,7308965,1,7308994,1,7309035,1,7309076,1,655360,1196331,753,7309093,
9881826,10,0,0,1196331,753,7309355,1,7309433,7,7309481,8,7309502,2,7309511,1,7309697,1,655360,1196331,775,7309734,
9881902,10,0,0,1196331,775,7309757,1,7309767,2,7309771,1,7309774,3,7310121,1,7310126,2,655360,1196331,794,7310130,
9881978,10,0,0,1196331,794,7310151,4,7310331,3,7310358,2,7310362,1,7310422,1,7310427,9,655360,1196331,822,7310448,
9882054,10,0,0,1196331,822,7310536,3,7310548,1,7310580,7,7310627,1,7310631,2,7310751,1,655360,1196331,840,7310762,
9882130,10,0,0,1196331,840,7311028,2,7311045,3,7311177,3,7311197,1,7311206,1,7311372,2,655360,1196331,855,7311550,
9882206,10,0,0,1196331,855,7312776,3,7312784,1,7312870,1,7313091,1,7313098,3,7313134,6,655360,1196331,877,7313141,
9882282,10,0,0,1196331,877,7313182,1,7313203,1,7313258,1,7313260,2,7313338,2,7313348,1,655360,1196331,894,7313359,
9882358,10,0,0,1196331,894,7313444,1,7313603,2,7313620,3,7313698,1,7313770,2,7313777,1,655360,1196331,907,7313781,
9882434,10,0,0,1196331,907,7314170,1,7314318,7,7314333,1,7314399,1,7314401,1,7314426,1,655360,1196331,923,7314513,
9882510,10,0,0,1196331,923,7314902,1,7321356,1,7321537,3,7321542,1,7321807,2,7322345,6,0,0,0,0,
10150414,10,0,0,1200073,86693,26772342,60,26774724,61,26775103,60,26775736,64,26775870,61,26776906,60,655360,1200073,87183,26804523,
10150490,10,0,0,1200073,87183,26837188,60,26837726,61,26837945,59,26838486,62,26838558,65,26838769,60,655360,1200073,87675,26839522,
10150566,10,0,0,1200073,87675,26915473,65,26919212,67,26926418,71,26935172,71,26935309,71,26936229,70,655360,1200073,88204,26936717,
10150642,10,0,0,1200073,88204,26951774,69,26954062,67,26954566,66,26960002,70,26967967,66,26968541,72,655360,1200073,88749,26969466,
10150718,10,0,0,1200073,88749,26969914,67,26970436,69,26971775,70,26973313,71,27000774,70,27001014,67,655360,1200073,89292,27033600,
10150794,10,0,0,1200073,89292,27065465,67,27066514,70,27099136,69,27099243,67,27131965,69,27132044,72,655360,1200073,89842,27154834,
10150870,10,0,0,1200073,89842,27164788,68,27164920,75,27197475,69,27197643,65,27204179,67,27205742,69,655360,1200073,90389,27206127,
10150946,10,0,0,1200073,90389,27211963,62,27230240,69,27230334,65,27230519,71,27231010,63,27232483,70,655360,1200073,90928,27248758,
10151022,10,0,0,1200073,90928,27263395,70,27264011,62,27266350,69,27296035,70,27328591,67,27361468,66,655360,1200073,91466,27394488,
10151098,10,0,0,1200073,91466,27459882,70,27460019,73,27460148,68,27460458,69,27460599,70,27492955,65,655360,1200073,92021,27525337,
10151174,10,0,0,1200073,92021,27539780,66,27539857,65,27539965,69,27558245,70,27581003,62,27582155,64,655360,1200073,92549,27590519,
10151250,10,0,0,1200073,92549,27593227,72,27623526,69,27656097,68,27656417,67,27689097,62,27689295,64,655360,1200073,93083,27689413,
10151326,10,0,0,1200073,93083,27735889,61,27736208,60,27755092,65,27787452,65,27787773,64,27816108,62,655360,1200073,93586,27820168,
10151402,10,0,0,1200073,93586,27820699,61,27852838,62,27885758,61,27918539,60,27951176,61,27951333,62,655360,1200073,94078,27984090,
10151478,10,0,0,1200073,94078,28049408,60,28082314,61,28082418,64,28082505,64,28115035,62,28147771,62,655360,1200073,94570,28168309,
10151554,10,0,0,1200073,94570,28181498,61,28181588,61,28183422,65,28183508,61,28213553,65,28246647,62,655360,1200073,95066,28246822,
10151630,10,0,0,1200073,95066,28278786,62,28283076,61,28302533,61,28303264,62,28310305,61,28311658,61,655360,1200073,95560,28344604,
10151706,10,0,0,1200073,95560,28377397,61,28409973,61,28410270,62,28410394,62,28429651,62,28429729,66,655360,1200073,96058,28433238,
10151782,10,0,0,1200073,96058,28456968,184,28457164,64,28475661,61,28540741,65,28540979,60,28573435,62,655360,1200073,96678,28583757,
10151858,10,0,0,1200073,96678,28638849,64,28639353,60,28640233,61,28640303,65,28671816,62,28672470,75,655360,1200073,97187,28738170,
10151934,10,0,0,1200073,97187,28770197,80,28802702,77,28803108,70,28803820,73,28830043,83,28835875,76,655360,1200073,97796,28838011,
10152010,10,0,0,1200073,97796,28868493,71,28868623,73,28900974,75,28952278,77,28957144,78,29000584,81,655360,1200073,98394,29002788,
10152086,10,0,0,1200073,98394,29064999,83,29097545,74,29098112,72,29118296,46,29164278,74,29167492,77,655360,1200073,98973,29168641,
10152162,10,0,0,1200073,98973,29195981,73,29196707,75,29197081,40,29261824,125,29262151,61,29283305,61,655360,1200073,99555,29290630,
10152238,10,0,0,1200073,99555,29298662,61,29327332,61,29328150,61,29329272,61,29360098,62,29391173,62,655360,1200073,100045,29391245,
10152314,10,0,0,1200073,100045,29393040,61,29395467,60,29425932,62,29438930,61,29439334,60,29445885,62,655360,1200073,100532,29446543,
10152390,10,0,0,1200073,100532,29447887,61,29450290,61,29450644,60,29453933,61,29454399,61,29454531,62,655360,1200073,101020,29455096,
10152466,10,0,0,1200073,101020,29455609,61,29456220,60,29457274,61,29458297,61,29458846,63,29490987,60,655360,1200073,101511,29491386,
10152542,10,0,0,1200073,101511,29492330,67,29521956,75,29523667,74,29524018,74,29524108,73,29527926,69,655360,1200073,102066,29528005,
10152618,10,0,0,1200073,102066,29556460,67,29581700,67,29584510,64,29622086,70,29622272,67,29710055,70,655360,1200073,102614,29757873,
10152694,10,0,0,1200073,102614,29982442,68,30095688,75,30145322,74,30146425,75,30146659,68,30146863,69,655360,1200073,103179,30179351,
10152770,10,0,0,1200073,103179,30212245,72,30245117,72,30245202,71,30277632,69,30277798,70,30310534,65,655360,1200073,103738,30310620,
10152846,10,0,0,1200073,103738,30343159,61,30366319,66,30441561,72,30473969,67,30605123,73,30703699,71,655360,1200073,104272,30736078,
10152922,10,0,0,1200073,104272,30801654,69,30801735,72,30834752,73,30867170,70,30899840,74,30899931,76,655360,1200073,104856,30928771,
10152998,10,0,0,1200073,104856,30966073,75,30990492,64,30990570,68,30996197,67,31062141,70,31062241,64,655360,1200073,105413,31063693,
10153074,10,0,0,1200073,105413,31097073,63,31097292,66,31109882,64,31117223,72,31125880,69,31129881,70,655360,1200073,105944,31132202,
10153150,10,0,0,1200073,105944,31134621,73,31162428,69,31163022,67,31164020,69,31195324,65,31228485,72,655360,1200073,106490,31260225,
10153226,10,0,0,1200073,106490,31260738,69,31261109,70,31261200,73,31293495,72,31294395,71,31295099,73,655360,1200073,107055,31322575,
10153302,10,0,0,1200073,107055,31322858,68,31322942,67,31326263,69,31326397,70,31359283,66,31359387,67,655360,1200073,107598,31359739,
10153378,10,0,0,1200073,107598,31404470,64,31405005,64,0,0,0,0,0,0,0,0,0,0,0,0,
291854,10,0,0,6011622,21,7594556,1,7594612,6,7594705,1,7594744,4,7594848,1,7594852,1,655360,6011622,42,7598474,
291930,10,0,0,6011622,42,7598626,1,7598697,1,7598719,1,7598832,5,7598862,2,7598900,1,655360,6011622,57,7598904,
292006,10,0,0,6011622,57,7598927,1,7598937,1,7598945,1,7598958,11,7598972,1,7599401,5,655360,6011622,80,7599772,
292082,10,0,0,6011622,80,7599892,1,7599894,1,7599987,5,0,0,0,0,0,0,655360,6029629,6401,15850673,
292158,10,0,0,6029629,6401,15857626,1792,15859585,3072,15865728,1536,15913002,512,16066473,256,16207601,256,655360,6029629,14337,16217890,
292234,10,0,0,6029629,14337,16692630,768,16766943,768,16775415,512,16776202,512,16884498,256,16885924,256,655360,6029629,18177,17267453,
292310,10,0,0,6029629,18177,0,0,0,0,0,0,0,0,0,0,0,0,655360,6038840,80,7340414,
292386,10,0,0,6038840,80,7340479,7,7340500,3,7341007,1,7341022,3,7341251,5,0,0,655360,6038843,25,11201215,
292462,10,0,0,6038843,25,11202175,3,11203392,3,11203518,3,11203667,3,11206318,3,11206596,3,655360,6038843,49,11211510,
292538,10,0,0,6038843,49,11212611,3,11212744,3,11212786,3,11212869,3,11212978,3,11213261,3,655360,6038843,73,11213424,
292614,10,0,0,6038843,73,11214082,3,11214556,3,11214698,3,11215624,3,11215794,3,11215868,3,655360,6038843,97,11216188,
292690,10,0,0,6038843,97,11239785,3,11239923,7,11243027,3,11243242,11,11243781,3,11245319,13,655360,6038843,147,11245511,
292766,10,0,0,6038843,147,11248238,3,11250519,7,11250758,35,11250798,3,11250931,7,11254814,3,655360,6038843,217,11255015,
292842,10,0,0,6038843,217,0,0,0,0,0,0,0,0,0,0,0,0,655360,6043098,46849,17548170,
292918,10,0,0,6043098,46849,17596419,5120,17601758,2560,17604499,24576,17629220,1280,17633763,256,17635304,768,655360,6043098,129281,17637856,
292994,10,0,0,6043098,129281,17642266,256,17659874,1792,17661957,1280,17668077,2048,17676559,256,17678952,768,655360,6043098,136193,17682430,
293070,10,0,0,6043098,136193,17694731,768,17714095,1280,17715523,11776,17728237,32000,17760276,18432,17778710,2816,655360,6043098,208897,17781530,
293146,10,0,0,6043098,208897,17812166,7424,17819840,5632,17826217,512,17826828,19455,0,0,0,0,655360,6043118,152833,19076037,
293222,10,0,0,6043118,152833,19105118,15359,0,0,0,0,0,0,0,0,0,0,655360,6043127,61441,19234423,
293298,10,0,0,6043127,61441,19240745,256,19241097,1024,19242169,25344,19268024,32256,19300597,256,19300978,768,655360,6043127,121857,19301755,
293374,10,0,0,6043127,121857,19303321,19712,19333147,512,19334076,256,19334690,1280,19336133,1280,19337587,28160,655360,6043127,174081,19366113,
293450,10,0,0,6043127,174081,19368558,2304,19371282,256,19371663,256,19372119,17663,0,0,0,0,655360,7727060,128,7702713,
293526,10,0,0,7727060,128,7702805,9,7703004,9,7703018,9,0,0,0,0,0,0,655360,7727063,514,7722161,
293602,10,0,0,7727063,514,7726500,64,7729906,64,7730172,64,7737067,64,7742177,64,7750695,64,655360,7727063,1026,7754797,
293678,10,0,0,7727063,1026,7755328,64,7756455,64,7759839,64,7760488,64,7760641,64,7760735,64,655360,7727063,1538,7771897,
293754,10,0,0,7727063,1538,7773363,64,7773543,64,7773678,64,7774029,64,7774778,64,7774895,64,655360,7727063,2050,7775856,
293830,10,0,0,7727063,2050,7804307,64,7804952,64,7843253,64,7844233,64,7844345,64,7844501,128,655360,7727063,2626,7869112,
293906,10,0,0,7727063,2626,7919805,128,7920469,64,7920953,64,7921321,64,7922615,64,7923563,64,655360,7727063,3202,7924270,
293982,10,0,0,7727063,3202,0,0,0,0,0,0,0,0,0,0,0,0,655360,7727065,1794,8615838,
294058,10,0,0,7727065,1794,8635246,256,8642805,256,8651094,256,8656197,256,9175536,256,11874284,256,655360,7727065,4098,11907039,
294134,10,0,0,7727065,4098,12367826,256,12368216,256,12449167,256,12452209,256,12492527,256,12492838,256,655360,7727065,6146,12519870,
294210,10,0,0,7727065,6146,12648795,256,12649065,256,12650365,256,0,0,0,0,0,0,655360,7727067,7170,38305854,
294286,10,0,0,7727067,7170,38362798,1024,0,0,0,0,0,0,0,0,0,0,0,0,0,0,
480270,10,0,0,9478136,1711,7194154,2,7194758,1,7194762,1,7195182,1,7202154,1,7207025,1,655360,9478136,1720,7207919,
480346,10,0,0,9478136,1720,7219253,1,7222152,1,7222159,2,7222166,1,7222170,2,7226310,1,655360,9478136,1730,7229925,
480422,10,0,0,9478136,1730,7230603,1,7238011,1,7243351,1,7243378,1,7243400,1,7243417,1,655360,9478136,1738,7243437,
480498,10,0,0,9478136,1738,7272543,1,7281729,1,7282299,1,7282302,1,7282309,1,7282312,2,655360,9478136,1747,7282322,
480574,10,0,0,9478136,1747,7282373,1,7282432,1,7282436,2,7282439,1,7282457,1,7282466,1,655360,9478136,1757,7282474,
480650,10,0,0,9478136,1757,7282585,1,7282702,1,7282709,2,7282756,3,7282790,1,7282793,1,655360,9478136,1769,7282809,
480726,10,0,0,9478136,1769,7282823,1,7282843,1,7282845,1,7282849,2,7282856,1,7282862,1,655360,9478136,1779,7282873,
480802,10,0,0,9478136,1779,7282893,1,7282897,1,7282957,1,7282968,1,7282978,2,7283007,1,655360,9478136,1788,7283009,
480878,10,0,0,9478136,1788,7283025,1,7283030,2,7283040,1,7283054,2,7283466,1,7283469,1,655360,9478136,1800,7283483,
480954,10,0,0,9478136,1800,7283490,1,7283497,1,7283557,1,7283566,1,7283577,2,7283591,2,655360,9478136,1810,7283693,
481030,10,0,0,9478136,1810,7283754,1,7283768,1,7283771,2,7283777,2,7283814,1,7283818,2,655360,9478136,1822,7283843,
481106,10,0,0,9478136,1822,7283857,1,7283863,1,7283891,1,7283927,1,7283930,1,7283961,1,655360,9478136,1830,7283994,
481182,10,0,0,9478136,1830,7284045,1,7284437,1,7284523,1,7284544,2,7284572,1,7284577,1,655360,9478136,1840,7284591,
481258,10,0,0,9478136,1840,7284621,1,7284662,1,7284676,1,7284774,2,7285103,1,7285451,1,655360,9478136,1849,7285957,
481334,10,0,0,9478136,1849,7286013,1,7286241,1,7286244,2,7286409,2,7286412,1,7286414,1,655360,9478136,1859,7286458,
481410,10,0,0,9478136,1859,7286650,1,7286743,2,7286750,1,7286753,1,7286802,2,7286821,3,655360,9478136,1871,7286851,
481486,10,0,0,9478136,1871,7286867,1,7286976,1,7286982,2,7286989,1,7287024,1,7287035,1,655360,9478136,1881,7287042,
481562,10,0,0,9478136,1881,7287066,2,7287069,2,7287080,3,7287084,2,7287088,1,7287092,1,655360,9478136,1894,7287137,
481638,10,0,0,9478136,1894,7287159,1,7287197,2,7287254,1,7287277,1,7287371,1,7287385,1,655360,9478136,1904,7287485,
481714,10,0,0,9478136,1904,7287655,1,7287673,1,7287704,2,7287722,1,7287766,2,7287804,2,655360,9478136,1915,7287918,
481790,10,0,0,9478136,1915,7288047,1,7288053,1,7288095,1,7288101,2,7288104,1,7288107,2,655360,9478136,1925,7288170,
481866,10,0,0,9478136,1925,7288196,1,7288251,1,7288261,1,7288286,2,7288290,1,7288297,1,655360,9478136,1936,7288299,
481942,10,0,0,9478136,1936,7288382,2,7288407,1,7288412,1,7288415,1,7288418,2,7288421,1,655360,9478136,1947,7288437,
482018,10,0,0,9478136,1947,7288447,1,7288521,1,7288538,1,7288540,1,7288551,2,7288914,1,655360,9478136,1957,7288925,
482094,10,0,0,9478136,1957,7288942,2,7288951,1,7288963,1,7288967,1,7289000,1,7289131,1,655360,9478136,1966,7289145,
482170,10,0,0,9478136,1966,7289248,2,7289253,1,7289270,2,7289276,2,7289287,2,7289290,1,655360,9478136,1978,7289306,
482246,10,0,0,9478136,1978,7289352,1,7289397,1,7289401,1,7289412,2,7289458,1,7289460,1,655360,9478136,1987,7289462,
482322,10,0,0,9478136,1987,7289498,1,7289513,1,7289545,1,7289547,1,7289551,1,7289554,2,655360,9478136,1997,7289562,
482398,10,0,0,9478136,1997,7289611,2,7289616,1,7289652,2,7289680,1,7289685,1,7289741,1,655360,9478136,2009,7289777,
482474,10,0,0,9478136,2009,7289813,2,7289833,2,7289957,1,7289959,2,7289970,1,7290053,1,655360,9478136,2020,7290063,
482550,10,0,0,9478136,2020,7290129,2,7290140,2,7290153,3,7290157,1,7290223,2,7290240,1,655360,9478136,2033,7290299,
482626,10,0,0,9478136,2033,7290320,1,7290482,1,7290493,1,7290497,1,7290500,1,7290509,2,655360,9478136,2042,7290520,
482702,10,0,0,9478136,2042,7290626,1,7290660,2,7290756,1,7290803,2,7290808,1,7290810,1,655360,9478136,2053,7290822,
482778,10,0,0,9478136,2053,7290928,1,7290941,1,7290957,2,7290971,1,7290981,1,7291028,1,655360,9478136,2063,7291053,
482854,10,0,0,9478136,2063,7291127,1,7291187,1,7291189,1,7291191,2,7291194,2,7291307,2,655360,9478136,2075,7291319,
482930,10,0,0,9478136,2075,7291339,1,7291346,1,7291359,2,7291419,1,7291436,2,7291447,2,655360,9478136,2086,7291452,
483006,10,0,0,9478136,2086,7291542,2,7291552,1,7291559,1,7291564,2,7291576,1,7291587,1,655360,9478136,2096,7291590,
483082,10,0,0,9478136,2096,7291618,1,7291622,1,7292410,1,7292518,2,7292591,2,7292594,1,655360,9478136,2106,7292596,
483158,10,0,0,9478136,2106,7292612,2,7292629,1,7292641,1,7292824,2,7292827,1,7292833,2,655360,9478136,2119,7292855,
483234,10,0,0,9478136,2119,7292904,1,7292921,1,7292925,1,7292960,2,7292963,1,7292982,1,655360,9478136,2129,7292988,
483310,10,0,0,9478136,2129,7293033,1,7293161,1,7293213,1,7293229,2,7293259,2,7296481,1,655360,9478136,2140,7296492,
483386,10,0,0,9478136,2140,7296537,1,7296539,1,7296607,1,7296613,1,7296643,1,7296655,1,655360,9478136,2150,7296658,
483462,10,0,0,9478136,2150,7296793,2,7296824,1,7296826,1,7296828,1,7296864,1,7296909,1,655360,9478136,2161,7296913,
483538,10,0,0,9478136,2161,7296919,1,7296939,1,7296941,1,7296949,1,7296952,1,7296969,1,655360,9478136,2170,7296986,
483614,10,0,0,9478136,2170,7296995,2,7297037,1,7297081,1,7297092,1,7297118,1,7297121,2,655360,9478136,2183,7297125,
483690,10,0,0,9478136,2183,7297195,1,7297201,1,7297241,2,7297280,1,7297357,2,7297380,1,655360,9478136,2195,7297404,
483766,10,0,0,9478136,2195,7297506,1,7297525,2,7297532,2,7299128,1,7299133,2,7299158,1,655360,9478136,2206,7299172,
483842,10,0,0,9478136,2206,7299224,2,7299429,1,7299573,1,7299576,1,7299744,1,7299746,2,655360,9478136,2216,7299760,
483918,10,0,0,9478136,2216,7299795,2,7299798,1,7299929,2,7299965,1,7299981,2,7300001,2,655360,9478136,2229,7300022,
483994,10,0,0,9478136,2229,7300062,1,7300076,1,7300128,1,7300131,1,7300220,1,7300237,2,655360,9478136,2238,7300247,
484070,10,0,0,9478136,2238,7300386,1,7300393,2,7300406,1,7300421,1,7300717,2,7300735,1,655360,9478136,2248,7300749,
484146,10,0,0,9478136,2248,7300841,1,7300843,2,7300882,1,7300921,1,7300929,1,7300979,2,0,0,0,0,
488462,10,0,0,9568504,95,7478374,2,7478377,1,7479545,1,7479566,1,7479580,2,7479595,2,655360,9568504,108,7479633,
488538,10,0,0,9568504,108,7479959,2,7479986,2,7479996,1,7480013,2,7480058,1,7480157,1,655360,9568504,119,7480163,
488614,10,0,0,9568504,119,7480195,2,7480245,2,7480538,1,7480712,1,7480721,2,7480842,2,655360,9568504,132,7480871,
488690,10,0,0,9568504,132,7481135,1,7482035,1,7482052,1,7482056,1,7483632,1,7483634,2,655360,9568504,141,7489433,
488766,10,0,0,9568504,141,7489483,2,7489522,1,7489527,1,7489543,1,7489553,1,7489571,1,655360,9568504,151,7489595,
488842,10,0,0,9568504,151,7489643,1,7489656,1,7489658,1,7489663,1,7489676,2,7489691,1,655360,9568504,160,7489746,
488918,10,0,0,9568504,160,7490143,2,7490328,1,7490332,2,7490359,1,7490361,1,7490363,1,655360,9568504,171,7490365,
488994,10,0,0,9568504,171,7490424,1,7490426,2,7490945,2,7491543,1,7491583,2,7491587,2,655360,9568504,183,7491993,
489070,10,0,0,9568504,183,7492010,2,7492316,1,7492343,1,7492376,1,7492391,1,7492447,2,655360,9568504,194,7492458,
489146,10,0,0,9568504,194,7492591,2,7492660,1,7492844,2,7492864,2,7492881,1,7492897,1,655360,9568504,206,7492919,
489222,10,0,0,9568504,206,7492959,1,7493024,1,7493045,1,7493056,1,7493124,1,7493142,1,655360,9568504,216,7493415,
489298,10,0,0,9568504,216,7493579,2,7493693,1,7493708,1,7493718,1,7494186,2,7494194,2,655360,9568504,228,7494253,
489374,10,0,0,9568504,228,7494808,1,7494811,1,7494890,2,7494893,2,7494897,1,7494900,4,655360,9568504,242,7494931,
489450,10,0,0,9568504,242,7494956,1,7494958,2,7494997,1,7495000,2,7495019,1,7495031,2,655360,9568504,253,7495040,
489526,10,0,0,9568504,253,7495113,1,7495262,1,7495294,2,7495302,2,7495313,3,7495435,1,655360,9568504,266,7495443,
489602,10,0,0,9568504,266,7495479,2,7495616,2,7495665,2,7496225,2,7496233,1,7496277,1,655360,9568504,280,7496341,
489678,10,0,0,9568504,280,7496602,2,7496613,2,7496924,1,7496941,1,7496947,1,7496953,1,655360,9568504,291,7496960,
489754,10,0,0,9568504,291,7496980,1,7497014,2,7497020,2,7497026,1,7497038,2,7497091,1,655360,9568504,302,7497111,
489830,10,0,0,9568504,302,7497365,1,7497367,2,7497379,2,7497383,1,7497470,2,7497473,2,655360,9568504,316,7497480,
489906,10,0,0,9568504,316,7497486,1,7497492,2,7497495,2,7497501,2,7497945,2,7498516,2,655360,9568504,331,7498524,
489982,10,0,0,9568504,331,7498643,2,7498712,1,7498770,2,7498779,1,7498806,1,7498811,1,655360,9568504,342,7498919,
490058,10,0,0,9568504,342,7498979,1,7498984,1,7499051,2,7499089,2,7499098,2,7499108,1,655360,9568504,354,7499359,
490134,10,0,0,9568504,354,7499434,1,7499437,3,7499466,1,7499501,2,7499519,2,7499853,1,655360,9568504,368,7499901,
490210,10,0,0,9568504,368,7499916,1,7501267,1,7501281,1,7501284,1,7501289,1,7501297,1,655360,9568504,377,7501316,
490286,10,0,0,9568504,377,7502307,2,7502312,1,7502511,2,7502516,1,7502963,1,7502999,1,655360,9568504,388,7503322,
490362,10,0,0,9568504,388,7503384,1,7503410,1,7503413,2,7503419,1,7503424,1,7503429,1,0,0,0,0,
492558,10,0,0,9478136,2258,7301163,2,7301198,2,7301209,2,7301213,1,7301222,2,7301230,2,655360,9478136,2273,7301239,
492634,10,0,0,9478136,2273,7301272,1,7301274,1,7301282,2,7301297,2,7301309,1,7301313,1,655360,9478136,2283,7301316,
492710,10,0,0,9478136,2283,7301335,1,7301404,1,7301416,1,7301420,1,7301596,1,7301606,1,655360,9478136,2291,7301647,
492786,10,0,0,9478136,2291,7301680,1,7301709,1,7301715,1,7301726,2,7301730,1,7301789,2,655360,9478136,2302,7301792,
492862,10,0,0,9478136,2302,7301956,2,7301962,1,7301967,1,7301971,1,7302031,2,7302716,1,655360,9478136,2313,7302733,
492938,10,0,0,9478136,2313,7304156,1,7304164,1,7304173,2,7304217,1,7304219,1,7304247,2,655360,9478136,2324,7304266,
493014,10,0,0,9478136,2324,7304285,1,7304290,1,7304317,2,7304331,1,7304334,1,7304347,1,655360,9478136,2333,7304396,
493090,10,0,0,9478136,2333,7304461,1,7304519,1,7304540,1,7304569,2,7304601,2,7304617,1,655360,9478136,2344,7304626,
493166,10,0,0,9478136,2344,7304692,1,7304697,1,7304726,2,7304732,2,7304740,2,7304773,2,655360,9478136,2357,7304778,
493242,10,0,0,9478136,2357,7304944,1,7304980,2,7305080,1,7305094,2,7305098,1,7305104,1,655360,9478136,2367,7305124,
493318,10,0,0,9478136,2367,7305188,2,7305692,1,0,0,0,0,0,0,0,0,655360,9523438,168,8603564,
493394,10,0,0,9523438,168,8604107,20,8604289,7,8604542,13,8604593,4,8605339,4,8605351,11,655360,9523438,246,8605385,
493470,10,0,0,9523438,246,8605779,119,8606270,2,8606340,2,8606345,1,8606473,6,8607039,28,655360,9523438,411,8607076,
493546,10,0,0,9523438,411,8607145,9,8608781,3,8609012,4,8609060,80,8609151,1,8609276,18,655360,9523503,41,7496968,
493622,10,0,0,9523503,41,7499218,5,7499264,6,0,0,0,0,0,0,0,0,655360,9523505,29,7492110,
493698,10,0,0,9523505,29,0,0,0,0,0,0,0,0,0,0,0,0,655360,9523506,124,7539500,
493774,10,0,0,9523506,124,7542817,4,7543022,10,7546753,10,7546764,1,7546813,3,0,0,655360,9523541,124,7496629,
493850,10,0,0,9523541,124,0,0,0,0,0,0,0,0,0,0,0,0,655360,9529739,39936,15591140,
493926,10,0,0,9529739,39936,17466630,16384,17483022,12288,17802115,8192,17896014,6144,0,0,0,0,655360,9568504,14,7455083,
494002,10,0,0,9568504,14,7455323,2,7455360,1,7455514,1,7457332,2,7457577,2,7457598,1,655360,9568504,26,7457915,
494078,10,0,0,9568504,26,7458910,2,7459734,2,7459884,2,7460652,1,7462127,2,7462139,1,655360,9568504,38,7462155,
494154,10,0,0,9568504,38,7463078,2,7463313,1,7463327,1,7463342,1,7463698,1,7464273,1,655360,9568504,47,7464684,
494230,10,0,0,9568504,47,7469590,1,7471756,1,7471846,1,7471863,1,7471985,1,7472314,1,655360,9568504,55,7472645,
494306,10,0,0,9568504,55,7472674,2,7472743,1,7472891,1,7473519,1,7473661,1,7474977,2,655360,9568504,65,7475027,
494382,10,0,0,9568504,65,7475391,1,7475426,1,7475493,1,7475579,1,7475614,1,7475625,2,655360,9568504,75,7475633,
494458,10,0,0,9568504,75,7475663,1,7475680,1,7475683,1,7475687,1,7475696,1,7475724,1,655360,9568504,83,7476057,
494534,10,0,0,9568504,83,7477547,2,7477557,2,7478094,1,7478104,2,7478142,1,7478177,2,0,0,0,0,
914446,10,0,0,6011622,21,7594556,1,7594612,6,7594705,1,7594744,4,7594848,1,7594852,1,655360,6011622,42,7598474,
914522,10,0,0,6011622,42,7598626,1,7598697,1,7598719,1,7598832,5,7598862,2,7598900,1,655360,6011622,57,7598904,
914598,10,0,0,6011622,57,7598927,1,7598937,1,7598945,1,7598958,11,7598972,1,7599401,5,655360,6011622,80,7599772,
914674,10,0,0,6011622,80,7599892,1,7599894,1,7599987,5,0,0,0,0,0,0,655360,6029629,6401,15850673,
914750,10,0,0,6029629,6401,15857626,1792,15859585,3072,15865728,1536,15913002,512,16066473,256,16207601,256,655360,6029629,14337,16217890,
914826,10,0,0,6029629,14337,16692630,768,16766943,768,16775415,512,16776202,512,16884498,256,16885924,256,655360,6029629,18177,17267453,
914902,10,0,0,6029629,18177,0,0,0,0,0,0,0,0,0,0,0,0,655360,6038840,80,7340414,
914978,10,0,0,6038840,80,7340479,7,7340500,3,7341007,1,7341022,3,7341251,5,0,0,655360,6038843,25,11201215,
915054,10,0,0,6038843,25,11202175,3,11203392,3,11203518,3,11203667,3,11206318,3,11206596,3,655360,6038843,49,11211510,
915130,10,0,0,6038843,49,11212611,3,11212744,3,11212786,3,11212869,3,11212978,3,11213261,3,655360,6038843,73,11213424,
915206,10,0,0,6038843,73,11214082,3,11214556,3,11214698,3,11215624,3,11215794,3,11215868,3,655360,6038843,97,11216188,
915282,10,0,0,6038843,97,11239785,3,11239923,7,11243027,3,11243242,11,11243781,3,11245319,13,655360,6038843,147,11245511,
915358,10,0,0,6038843,147,11248238,3,11250519,7,11250758,35,11250798,3,11250931,7,11254814,3,655360,6038843,217,11255015,
915434,10,0,0,6038843,217,0,0,0,0,0,0,0,0,0,0,0,0,655360,6043098,46849,17548170,
915510,10,0,0,6043098,46849,17596419,5120,17601758,2560,17604499,24576,17629220,1280,17633763,256,17635304,768,655360,6043098,129281,17637856,
915586,10,0,0,6043098,129281,17642266,256,17659874,1792,17661957,1280,17668077,2048,17676559,256,17678952,768,655360,6043098,136193,17682430,
915662,10,0,0,6043098,136193,17694731,768,17714095,1280,17715523,11776,17728237,32000,17760276,18432,17778710,2816,655360,6043098,208897,17781530,
915738,10,0,0,6043098,208897,17812166,7424,17819840,5632,17826217,512,17826828,19455,0,0,0,0,655360,6043118,152833,19076037,
915814,10,0,0,6043118,152833,19105118,15359,0,0,0,0,0,0,0,0,0,0,655360,6043127,61441,19234423,
915890,10,0,0,6043127,61441,19240745,256,19241097,1024,19242169,25344,19268024,32256,19300597,256,19300978,768,655360,6043127,121857,19301755,
915966,10,0,0,6043127,121857,19303321,19712,19333147,512,19334076,256,19334690,1280,19336133,1280,19337587,28160,655360,6043127,174081,19366113,
916042,10,0,0,6043127,174081,19368558,2304,19371282,256,19371663,256,19372119,17663,0,0,0,0,655360,7727060,128,7702713,
916118,10,0,0,7727060,128,7702805,9,7703004,9,7703018,9,0,0,0,0,0,0,655360,7727063,514,7722161,
916194,10,0,0,7727063,514,7726500,64,7729906,64,7730172,64,7737067,64,7742177,64,7750695,64,655360,7727063,1026,7754797,
916270,10,0,0,7727063,1026,7755328,64,7756455,64,7759839,64,7760488,64,7760641,64,7760735,64,655360,7727063,1538,7771897,
916346,10,0,0,7727063,1538,7773363,64,7773543,64,7773678,64,7774029,64,7774778,64,7774895,64,655360,7727063,2050,7775856,
916422,10,0,0,7727063,2050,7804307,64,7804952,64,7843253,64,7844233,64,7844345,64,7844501,128,655360,7727063,2626,7869112,
916498,10,0,0,7727063,2626,7919805,128,7920469,64,7920953,64,7921321,64,7922615,64,7923563,64,655360,7727063,3202,7924270,
916574,10,0,0,7727063,3202,0,0,0,0,0,0,0,0,0,0,0,0,655360,7727065,1794,8615838,
916650,10,0,0,7727065,1794,8635246,256,8642805,256,8651094,256,8656197,256,9175536,256,11874284,256,655360,7727065,4098,11907039,
916726,10,0,0,7727065,4098,12367826,256,12368216,256,12449167,256,12452209,256,12492527,256,12492838,256,655360,7727065,6146,12519870,
916802,10,0,0,7727065,6146,12648795,256,12649065,256,12650365,256,0,0,0,0,0,0,655360,7727067,7170,38305854,
916878,10,0,0,7727067,7170,38362798,1024,0,0,0,0,0,0,0,0,0,0,0,0,0,0,
1143822,10,0,0,407247,948,12524426,96,12525526,4,12525544,12,12525566,4,12534888,8,12534932,4,655360,407247,1180,12536398,
1143898,10,0,0,407247,1180,12536502,87,12536671,11,12536683,4,12536923,40,12536970,28,12536999,31,655360,407247,1393,12538566,
1143974,10,0,0,407247,1393,12543512,8,12547105,8,12549464,171,12550385,32,12550573,16,12550708,16,655360,407247,1682,12550997,
1144050,10,0,0,407247,1682,12552322,12,12554228,8,12557437,8,12557446,12,12557492,36,12561007,44,655360,407247,1862,12564531,
1144126,10,0,0,407247,1862,12564632,8,12576494,8,12581386,103,12582257,11,12582269,11,12582281,11,655360,407247,2057,12582293,
1144202,10,0,0,407247,2057,12582613,48,12582923,12,12582954,128,12583083,12,12583104,64,12583230,32,655360,407247,2475,12583361,
1144278,10,0,0,407247,2475,12583622,4,12583651,20,12583769,4,12583932,8,12584110,72,12584224,16,655360,407247,2615,12584455,
1144354,10,0,0,407247,2615,12584903,24,12606812,240,12607312,132,12608469,4,12608616,16,12609390,4,655360,407247,3292,12609688,
1144430,10,0,0,407247,3292,12611887,148,12612323,8,12614136,236,12614434,119,12623392,64,12623513,64,655360,407247,4071,12623973,
1144506,10,0,0,407247,4071,12631397,128,12644861,160,12647951,39,12649360,120,12650002,358,12650621,40,655360,407247,5044,12650705,
1144582,10,0,0,407247,5044,0,0,0,0,0,0,0,0,0,0,0,0,655360,407458,85,10342890,
1144658,10,0,0,407458,85,10354699,6,10356132,3,10356195,11,10356257,3,10358241,3,10358254,1,655360,407458,167,10358263,
1144734,10,0,0,407458,167,10376021,9,10376353,71,10376745,18,10378091,1,10378103,6,10380460,43,655360,407458,341,10380511,
1144810,10,0,0,407458,341,10380625,18,10380903,9,10380914,6,10381000,5,10381101,3,10381105,10,655360,407458,442,10381116,
1144886,10,0,0,407458,442,10381126,3,10381135,6,10381142,9,10381152,3,10382188,3,10382330,3,655360,407458,475,10382394,
1144962,10,0,0,407458,475,10382978,144,10383124,24,10383153,121,10383277,5,10384818,1,10384820,26,655360,407570,18,7333681,
1145038,10,0,0,407570,18,7382906,33,7383069,1,7383151,1,7383171,1,7383235,1,7383254,1,655360,407570,59,7383256,
1145114,10,0,0,407570,59,7383441,1,7383446,1,7383448,1,7383452,1,7383460,1,7383462,2,655360,407570,68,7462943,
1145190,10,0,0,407570,68,7463281,1,7463326,1,7463328,1,7464188,1,7464611,1,7464696,1,655360,407570,112,7471738,
1145266,10,0,0,407570,112,7471864,1,7471936,1,7472323,1,7472655,1,7472887,1,7473660,1,655360,407570,120,7475111,
1145342,10,0,0,407570,120,7475396,1,7481995,38,7482036,1,7482045,1,7482062,1,7483597,1,655360,407570,165,7483631,
1145418,10,0,0,407570,165,7483636,1,7483882,1,7483923,1,7491581,2,7491888,1,7491992,1,655360,407570,174,7491998,
1145494,10,0,0,407570,174,7492375,1,7492623,1,7492625,2,7492629,31,7492661,1,7492695,1,655360,407570,213,7492787,
1145570,10,0,0,407570,213,7492896,1,7492994,1,7493055,1,7493098,1,7493141,1,7493143,1,655360,407570,221,7493176,
1145646,10,0,0,407570,221,7493424,2,7504716,41,7504765,1,7504769,1,0,0,0,0,0,0,0,0,
1299470,10,0,0,6011622,21,7594556,1,7594612,6,7594705,1,7594744,4,7594848,1,7594852,1,655360,6011622,42,7598474,
1299546,10,0,0,6011622,42,7598626,1,7598697,1,7598719,1,7598832,5,7598862,2,7598900,1,655360,6011622,57,7598904,
1299622,10,0,0,6011622,57,7598927,1,7598937,1,7598945,1,7598958,11,7598972,1,7599401,5,655360,6011622,80,7599772,
1299698,10,0,0,6011622,80,7599892,1,7599894,1,7599987,5,0,0,0,0,0,0,655360,6029629,6401,15850673,
1299774,10,0,0,6029629,6401,15857626,1792,15859585,3072,15865728,1536,15913002,512,16066473,256,16207601,256,655360,6029629,14337,16217890,
1299850,10,0,0,6029629,14337,16692630,768,16766943,768,16775415,512,16776202,512,16884498,256,16885924,256,655360,6029629,18177,17267453,
1299926,10,0,0,6029629,18177,0,0,0,0,0,0,0,0,0,0,0,0,655360,6038840,80,7340414,
1300002,10,0,0,6038840,80,7340479,7,7340500,3,7341007,1,7341022,3,7341251,5,0,0,655360,6038843,25,11201215,
1300078,10,0,0,6038843,25,11202175,3,11203392,3,11203518,3,11203667,3,11206318,3,11206596,3,655360,6038843,49,11211510,
1300154,10,0,0,6038843,49,11212611,3,11212744,3,11212786,3,11212869,3,11212978,3,11213261,3,655360,6038843,73,11213424,
1300230,10,0,0,6038843,73,11214082,3,11214556,3,11214698,3,11215624,3,11215794,3,11215868,3,655360,6038843,97,11216188,
1300306,10,0,0,6038843,97,11239785,3,11239923,7,11243027,3,11243242,11,11243781,3,11245319,13,655360,6038843,147,11245511,
1300382,10,0,0,6038843,147,11248238,3,11250519,7,11250758,35,11250798,3,11250931,7,11254814,3,655360,6038843,217,11255015,
1300458,10,0,0,6038843,217,0,0,0,0,0,0,0,0,0,0,0,0,655360,6043098,46849,17548170,
1300534,10,0,0,6043098,46849,17596419,5120,17601758,2560,17604499,24576,17629220,1280,17633763,256,17635304,768,655360,6043098,129281,17637856,
1300610,10,0,0,6043098,129281,17642266,256,17659874,1792,17661957,1280,17668077,2048,17676559,256,17678952,768,655360,6043098,136193,17682430,
1300686,10,0,0,6043098,136193,17694731,768,17714095,1280,17715523,11776,17728237,32000,17760276,18432,17778710,2816,655360,6043098,208897,17781530,
1300762,10,0,0,6043098,208897,17812166,7424,17819840,5632,17826217,512,17826828,19455,0,0,0,0,655360,6043118,152833,19076037,
1300838,10,0,0,6043118,152833,19105118,15359,0,0,0,0,0,0,0,0,0,0,655360,6043127,61441,19234423,
1300914,10,0,0,6043127,61441,19240745,256,19241097,1024,19242169,25344,19268024,32256,19300597,256,19300978,768,655360,6043127,121857,19301755,
1300990,10,0,0,6043127,121857,19303321,19712,19333147,512,19334076,256,19334690,1280,19336133,1280,19337587,28160,655360,6043127,174081,19366113,
1301066,10,0,0,6043127,174081,19368558,2304,19371282,256,19371663,256,19372119,17663,0,0,0,0,655360,7727060,128,7702713,
1301142,10,0,0,7727060,128,7702805,9,7703004,9,7703018,9,0,0,0,0,0,0,655360,7727063,514,7722161,
1301218,10,0,0,7727063,514,7726500,64,7729906,64,7730172,64,7737067,64,7742177,64,7750695,64,655360,7727063,1026,7754797,
1301294,10,0,0,7727063,1026,7755328,64,7756455,64,7759839,64,7760488,64,7760641,64,7760735,64,655360,7727063,1538,7771897,
1301370,10,0,0,7727063,1538,7773363,64,7773543,64,7773678,64,7774029,64,7774778,64,7774895,64,655360,7727063,2050,7775856,
1301446,10,0,0,7727063,2050,7804307,64,7804952,64,7843253,64,7844233,64,7844345,64,7844501,128,655360,7727063,2626,7869112,
1301522,10,0,0,7727063,2626,7919805,128,7920469,64,7920953,64,7921321,64,7922615,64,7923563,64,655360,7727063,3202,7924270,
1301598,10,0,0,7727063,3202,0,0,0,0,0,0,0,0,0,0,0,0,655360,7727065,1794,8615838,
1301674,10,0,0,7727065,1794,8635246,256,8642805,256,8651094,256,8656197,256,9175536,256,11874284,256,655360,7727065,4098,11907039,
1301750,10,0,0,7727065,4098,12367826,256,12368216,256,12449167,256,12452209,256,12492527,256,12492838,256,655360,7727065,6146,12519870,
1301826,10,0,0,7727065,6146,12648795,256,12649065,256,12650365,256,0,0,0,0,0,0,655360,7727067,7170,38305854,
1301902,10,0,0,7727067,7170,38362798,1024,0,0,0,0,0,0,0,0,0,0,0,0,0,0,
1311758,10,0,0,9478136,2258,7301163,2,7301198,2,7301209,2,7301213,1,7301222,2,7301230,2,655360,9478136,2273,7301239,
1311834,10,0,0,9478136,2273,7301272,1,7301274,1,7301282,2,7301297,2,7301309,1,7301313,1,655360,9478136,2283,7301316,
1311910,10,0,0,9478136,2283,7301335,1,7301404,1,7301416,1,7301420,1,7301596,1,7301606,1,655360,9478136,2291,7301647,
1311986,10,0,0,9478136,2291,7301680,1,7301709,1,7301715,1,7301726,2,7301730,1,7301789,2,655360,9478136,2302,7301792,
1312062,10,0,0,9478136,2302,7301956,2,7301962,1,7301967,1,7301971,1,7302031,2,7302716,1,655360,9478136,2313,7302733,
1312138,10,0,0,9478136,2313,7304156,1,7304164,1,7304173,2,7304217,1,7304219,1,7304247,2,655360,9478136,2324,7304266,
1312214,10,0,0,9478136,2324,7304285,1,7304290,1,7304317,2,7304331,1,7304334,1,7304347,1,655360,9478136,2333,7304396,
1312290,10,0,0,9478136,2333,7304461,1,7304519,1,7304540,1,7304569,2,7304601,2,7304617,1,655360,9478136,2344,7304626,
1312366,10,0,0,9478136,2344,7304692,1,7304697,1,7304726,2,7304732,2,7304740,2,7304773,2,655360,9478136,2357,7304778,
1312442,10,0,0,9478136,2357,7304944,1,7304980,2,7305080,1,7305094,2,7305098,1,7305104,1,655360,9478136,2367,7305124,
1312518,10,0,0,9478136,2367,7305188,2,7305692,1,0,0,0,0,0,0,0,0,655360,9523438,168,8603564,
1312594,10,0,0,9523438,168,8604107,20,8604289,7,8604542,13,8604593,4,8605339,4,8605351,11,655360,9523438,246,8605385,
1312670,10,0,0,9523438,246,8605779,119,8606270,2,8606340,2,8606345,1,8606473,6,8607039,28,655360,9523438,411,8607076,
1312746,10,0,0,9523438,411,8607145,9,8608781,3,8609012,4,8609060,80,8609151,1,8609276,18,655360,9523503,41,7496968,
1312822,10,0,0,9523503,41,7499218,5,7499264,6,7499272,1,0,0,0,0,0,0,655360,9523505,29,7492110,
1312898,10,0,0,9523505,29,0,0,0,0,0,0,0,0,0,0,0,0,655360,9523506,124,7539500,
1312974,10,0,0,9523506,124,7542817,4,7543022,10,7546753,10,7546764,1,7546813,3,0,0,655360,9523541,124,7496629,
1313050,10,0,0,9523541,124,0,0,0,0,0,0,0,0,0,0,0,0,655360,9529739,39936,15591140,
1313126,10,0,0,9529739,39936,17466630,16384,17483022,12288,17802115,8192,17896014,6144,0,0,0,0,655360,9568504,14,7455083,
1313202,10,0,0,9568504,14,7455323,2,7455360,1,7455514,1,7457332,2,7457577,2,7457598,1,655360,9568504,26,7457915,
1313278,10,0,0,9568504,26,7458910,2,7459734,2,7459884,2,7460652,1,7462127,2,7462139,1,655360,9568504,38,7462155,
1313354,10,0,0,9568504,38,7463078,2,7463313,1,7463327,1,7463342,1,7463698,1,7464273,1,655360,9568504,47,7464684,
1313430,10,0,0,9568504,47,7469590,1,7471756,1,7471846,1,7471863,1,7471985,1,7472314,1,655360,9568504,55,7472645,
1313506,10,0,0,9568504,55,7472674,2,7472743,1,7472891,1,7473519,1,7473661,1,7474977,2,655360,9568504,65,7475027,
1313582,10,0,0,9568504,65,7475391,1,7475426,1,7475493,1,7475579,1,7475614,1,7475625,2,655360,9568504,75,7475633,
1313658,10,0,0,9568504,75,7475663,1,7475680,1,7475683,1,7475687,1,7475696,1,7475724,1,655360,9568504,83,7476057,
1313734,10,0,0,9568504,83,7477547,2,7477557,2,7478094,1,7478104,2,7478142,1,7478177,2,0,0,0,0,
1750030,10,0,0,407247,948,12524426,96,12525526,4,12525544,12,12525566,4,12534888,8,12534932,4,655360,407247,1180,12536398,
1750106,10,0,0,407247,1180,12536502,87,12536671,11,12536683,4,12536923,40,12536970,28,12536999,31,655360,407247,1393,12538566,
1750182,10,0,0,407247,1393,12543512,8,12547105,8,12549464,171,12550385,32,12550573,16,12550708,16,655360,407247,1682,12550997,
1750258,10,0,0,407247,1682,12552322,12,12554228,8,12557437,8,12557446,12,12557492,36,12561007,44,655360,407247,1862,12564531,
1750334,10,0,0,407247,1862,12564632,8,12576494,8,12581386,103,12582257,11,12582269,11,12582281,11,655360,407247,2057,12582293,
1750410,10,0,0,407247,2057,12582613,48,12582923,12,12582954,128,12583083,12,12583104,64,12583230,32,655360,407247,2475,12583361,
1750486,10,0,0,407247,2475,12583622,4,12583651,20,12583769,4,12583932,8,12584110,72,12584224,16,655360,407247,2615,12584455,
1750562,10,0,0,407247,2615,12584903,24,12606812,240,12607312,132,12608469,4,12608616,16,12609390,4,655360,407247,3292,12609688,
1750638,10,0,0,407247,3292,12611887,148,12612323,8,12614136,236,12614434,119,12623392,64,12623513,64,655360,407247,4071,12623973,
1750714,10,0,0,407247,4071,12631397,128,12644861,160,12647951,39,12649360,120,12650002,358,12650621,40,655360,407247,5044,12650705,
1750790,10,0,0,407247,5044,0,0,0,0,0,0,0,0,0,0,0,0,655360,407458,85,10342890,
1750866,10,0,0,407458,85,10354699,6,10356132,3,10356195,11,10356257,3,10358241,3,10358254,1,655360,407458,167,10358263,
1750942,10,0,0,407458,167,10376021,9,10376353,71,10376745,18,10378091,1,10378103,6,10380460,43,655360,407458,341,10380511,
1751018,10,0,0,407458,341,10380625,18,10380903,9,10380914,6,10381000,5,10381101,3,10381105,10,655360,407458,442,10381116,
1751094,10,0,0,407458,442,10381126,3,10381135,6,10381142,9,10381152,3,10382188,3,10382330,3,655360,407458,475,10382394,
1751170,10,0,0,407458,475,10382978,144,10383124,24,10383153,121,10383277,5,10384818,1,10384820,26,655360,407570,18,7333681,
1751246,10,0,0,407570,18,7382906,33,7383069,1,7383151,1,7383171,1,7383235,1,7383254,1,655360,407570,59,7383256,
1751322,10,0,0,407570,59,7383441,1,7383446,1,7383448,1,7383452,1,7383460,1,7383462,2,655360,407570,68,7462943,
1751398,10,0,0,407570,68,7463281,1,7463326,1,7463328,1,7464188,1,7464611,1,7464696,1,655360,407570,112,7471738,
1751474,10,0,0,407570,112,7471864,1,7471936,1,7472323,1,7472655,1,7472887,1,7473660,1,655360,407570,120,7475111,
1751550,10,0,0,407570,120,7475396,1,7481995,38,7482036,1,7482045,1,7482062,1,7483597,1,655360,407570,165,7483631,
1751626,10,0,0,407570,165,7483636,1,7483882,1,7483923,1,7491581,2,7491888,1,7491992,1,655360,407570,174,7491998,
1751702,10,0,0,407570,174,7492375,1,7492623,1,7492625,2,7492629,31,7492661,1,7492695,1,655360,407570,213,7492787,
1751778,10,0,0,407570,213,7492896,1,7492994,1,7493055,1,7493098,1,7493141,1,7493143,1,655360,407570,221,7493176,
1751854,10,0,0,407570,221,7493424,2,7504716,41,7504765,1,7504769,1,7504771,1,0,0,0,0,0,0,
1844238,10,0,0,9478136,2258,7301163,2,7301198,2,7301209,2,7301213,1,7301222,2,7301230,2,655360,9478136,2273,7301239,
1844314,10,0,0,9478136,2273,7301272,1,7301274,1,7301282,2,7301297,2,7301309,1,7301313,1,655360,9478136,2283,7301316,
1844390,10,0,0,9478136,2283,7301335,1,7301404,1,7301416,1,7301420,1,7301596,1,7301606,1,655360,9478136,2291,7301647,
1844466,10,0,0,9478136,2291,7301680,1,7301709,1,7301715,1,7301726,2,7301730,1,7301789,2,655360,9478136,2302,7301792,
1844542,10,0,0,9478136,2302,7301956,2,7301962,1,7301967,1,7301971,1,7302031,2,7302716,1,655360,9478136,2313,7302733,
1844618,10,0,0,9478136,2313,7304156,1,7304164,1,7304173,2,7304217,1,7304219,1,7304247,2,655360,9478136,2324,7304266,
1844694,10,0,0,9478136,2324,7304285,1,7304290,1,7304317,2,7304331,1,7304334,1,7304347,1,655360,9478136,2333,7304396,
1844770,10,0,0,9478136,2333,7304461,1,7304519,1,7304540,1,7304569,2,7304601,2,7304617,1,655360,9478136,2344,7304626,
1844846,10,0,0,9478136,2344,7304692,1,7304697,1,7304726,2,7304732,2,7304740,2,7304773,2,655360,9478136,2357,7304778,
1844922,10,0,0,9478136,2357,7304944,1,7304980,2,7305080,1,7305094,2,7305098,1,7305104,1,655360,9478136,2367,7305124,
1844998,10,0,0,9478136,2367,7305188,2,7305692,1,0,0,0,0,0,0,0,0,655360,9523438,168,8603564,
1845074,10,0,0,9523438,168,8604107,20,8604289,7,8604542,13,8604593,4,8605339,4,8605351,11,655360,9523438,246,8605385,
1845150,10,0,0,9523438,246,8605779,119,8606270,2,8606340,2,8606345,1,8606473,6,8607039,28,655360,9523438,411,8607076,
1845226,10,0,0,9523438,411,8607145,9,8608781,3,8609012,4,8609060,80,8609151,1,8609276,18,655360,9523503,41,7496968,
1845302,10,0,0,9523503,41,7499218,5,7499264,6,7499272,1,7503634,4,0,0,0,0,655360,9523505,29,7492110,
1845378,10,0,0,9523505,29,0,0,0,0,0,0,0,0,0,0,0,0,655360,9523506,124,7539500,
1845454,10,0,0,9523506,124,7542817,4,7543022,10,7546753,10,7546764,1,7546813,4,0,0,655360,9523541,124,7496629,
1845530,10,0,0,9523541,124,7496973,1,0,0,0,0,0,0,0,0,0,0,655360,9529739,39936,15591140,
1845606,10,0,0,9529739,39936,17466630,16384,17483022,12288,17802115,8192,17896014,6144,0,0,0,0,655360,9568504,14,7455083,
1845682,10,0,0,9568504,14,7455323,2,7455360,1,7455514,1,7457332,2,7457577,2,7457598,1,655360,9568504,26,7457915,
1845758,10,0,0,9568504,26,7458910,2,7459734,2,7459884,2,7460652,1,7462127,2,7462139,1,655360,9568504,38,7462155,
1845834,10,0,0,9568504,38,7463078,2,7463313,1,7463327,1,7463342,1,7463698,1,7464273,1,655360,9568504,47,7464684,
1845910,10,0,0,9568504,47,7469590,1,7471756,1,7471846,1,7471863,1,7471985,1,7472314,1,655360,9568504,55,7472645,
1845986,10,0,0,9568504,55,7472674,2,7472743,1,7472891,1,7473519,1,7473661,1,7474977,2,655360,9568504,65,7475027,
1846062,10,0,0,9568504,65,7475391,1,7475426,1,7475493,1,7475579,1,7475614,1,7475625,2,655360,9568504,75,7475633,
1846138,10,0,0,9568504,75,7475663,1,7475680,1,7475683,1,7475687,1,7475696,1,7475724,1,655360,9568504,83,7476057,
1846214,10,0,0,9568504,83,7477547,2,7477557,2,7478094,1,7478104,2,7478142,1,7478177,2,0,0,0,0,
3458062,10,0,0,1200073,86693,26772342,60,26774724,61,26775103,60,26775736,64,26775870,61,26776906,60,655360,1200073,87183,26804523,
3458138,10,0,0,1200073,87183,26837188,60,26837726,61,26837945,59,26838486,62,26838558,65,26838769,60,655360,1200073,87675,26839522,
3458214,10,0,0,1200073,87675,26915473,65,26919212,67,26926418,71,26935172,71,26935309,71,26936229,70,655360,1200073,88204,26936717,
3458290,10,0,0,1200073,88204,26951774,69,26954062,67,26954566,66,26960002,70,26967967,66,26968541,72,655360,1200073,88749,26969466,
3458366,10,0,0,1200073,88749,26969914,67,26970436,69,26971775,70,26973313,71,27000774,70,27001014,67,655360,1200073,89292,27033600,
3458442,10,0,0,1200073,89292,27065465,67,27066514,70,27099136,69,27099243,67,27131965,69,27132044,72,655360,1200073,89842,27154834,
3458518,10,0,0,1200073,89842,27164788,68,27164920,75,27197475,69,27197643,65,27204179,67,27205742,69,655360,1200073,90389,27206127,
3458594,10,0,0,1200073,90389,27211963,62,27230240,69,27230334,65,27230519,71,27231010,63,27232483,70,655360,1200073,90928,27248758,
3458670,10,0,0,1200073,90928,27263395,70,27264011,62,27266350,69,27296035,70,27328591,67,27361468,66,655360,1200073,91466,27394488,
3458746,10,0,0,1200073,91466,27459882,70,27460019,73,27460148,68,27460458,69,27460599,70,27492955,65,655360,1200073,92021,27525337,
3458822,10,0,0,1200073,92021,27539780,66,27539857,65,27539965,69,27558245,70,27581003,62,27582155,64,655360,1200073,92549,27590519,
3458898,10,0,0,1200073,92549,27593227,72,27623526,69,27656097,68,27656417,67,27689097,62,27689295,64,655360,1200073,93083,27689413,
3458974,10,0,0,1200073,93083,27735889,61,27736208,60,27755092,65,27787452,65,27787773,64,27816108,62,655360,1200073,93586,27820168,
3459050,10,0,0,1200073,93586,27820699,61,27852838,62,27885758,61,27918539,60,27951176,61,27951333,62,655360,1200073,94078,27984090,
3459126,10,0,0,1200073,94078,28049408,60,28082314,61,28082418,64,28082505,64,28115035,62,28147771,62,655360,1200073,94570,28168309,
3459202,10,0,0,1200073,94570,28181498,61,28181588,61,28183422,65,28183508,61,28213553,65,28246647,62,655360,1200073,95066,28246822,
3459278,10,0,0,1200073,95066,28278786,62,28283076,61,28302533,61,28303264,62,28310305,61,28311658,61,655360,1200073,95560,28344604,
3459354,10,0,0,1200073,95560,28377397,61,28409973,61,28410270,62,28410394,62,28429651,62,28429729,66,655360,1200073,96058,28433238,
3459430,10,0,0,1200073,96058,28456968,184,28457164,64,28475661,61,28540741,65,28540979,60,28573435,62,655360,1200073,96678,28583757,
3459506,10,0,0,1200073,96678,28638849,64,28639353,60,28640233,61,28640303,65,28671816,62,28672470,75,655360,1200073,97187,28738170,
3459582,10,0,0,1200073,97187,28770197,80,28802702,77,28803108,70,28803820,73,28830043,83,28835875,76,655360,1200073,97796,28838011,
3459658,10,0,0,1200073,97796,28868493,71,28868623,73,28900974,75,28952278,77,28957144,78,29000584,81,655360,1200073,98394,29002788,
3459734,10,0,0,1200073,98394,29064999,83,29097545,74,29098112,72,29118296,46,29164278,74,29167492,77,655360,1200073,98973,29168641,
3459810,10,0,0,1200073,98973,29195981,73,29196707,75,29197081,40,29261824,125,29262151,61,29283305,61,655360,1200073,99555,29290630,
3459886,10,0,0,1200073,99555,29298662,61,29327332,61,29328150,61,29329272,61,29360098,62,29391173,62,655360,1200073,100045,29391245,
3459962,10,0,0,1200073,100045,29393040,61,29395467,60,29425932,62,29438930,61,29439334,60,29445885,62,655360,1200073,100532,29446543,
3460038,10,0,0,1200073,100532,29447887,61,29450290,61,29450644,60,29453933,61,29454399,61,29454531,62,655360,1200073,101020,29455096,
3460114,10,0,0,1200073,101020,29455609,61,29456220,60,29457274,61,29458297,61,29458846,63,29490987,60,655360,1200073,101511,29491386,
3460190,10,0,0,1200073,101511,29492330,67,29521956,75,29523667,74,29524018,74,29524108,73,29527926,69,655360,1200073,102066,29528005,
3460266,10,0,0,1200073,102066,29556460,67,29581700,67,29584510,64,29622086,70,29622272,67,29710055,70,655360,1200073,102614,29757873,
3460342,10,0,0,1200073,102614,29982442,68,30095688,75,30145322,74,30146425,75,30146659,68,30146863,69,655360,1200073,103179,30179351,
3460418,10,0,0,1200073,103179,30212245,72,30245117,72,30245202,71,30277632,69,30277798,70,30310534,65,655360,1200073,103738,30310620,
3460494,10,0,0,1200073,103738,30343159,61,30366319,66,30441561,72,30473969,67,30605123,73,30703699,71,655360,1200073,104272,30736078,
3460570,10,0,0,1200073,104272,30801654,69,30801735,72,30834752,73,30867170,70,30899840,74,30899931,76,655360,1200073,104856,30928771,
3460646,10,0,0,1200073,104856,30966073,75,30990492,64,30990570,68,30996197,67,31062141,70,31062241,64,655360,1200073,105413,31063693,
3460722,10,0,0,1200073,105413,31097073,63,31097292,66,31109882,64,31117223,72,31125880,69,31129881,70,655360,1200073,105944,31132202,
3460798,10,0,0,1200073,105944,31134621,73,31162428,69,31163022,67,31164020,69,31195324,65,31228485,72,655360,1200073,106490,31260225,
3460874,10,0,0,1200073,106490,31260738,69,31261109,70,31261200,73,31293495,72,31294395,71,31295099,73,655360,1200073,107055,31322575,
3460950,10,0,0,1200073,107055,31322858,68,31322942,67,31326263,69,31326397,70,31359283,66,31359387,67,655360,1200073,107598,31359739,
3461026,10,0,0,1200073,107598,31404470,64,31405005,64,31405087,68,0,0,0,0,0,0,0,0,0,0,
4461582,10,0,0,1483452,1472,8421617,352,8463596,160,8464216,160,8466451,64,8466535,64,8466648,160,655360,1483452,2528,8486960,
4461658,10,0,0,1483452,2528,8487775,352,8488190,160,8488400,32,8489018,192,8492841,96,8494569,128,655360,1483452,3712,8497262,
4461734,10,0,0,1483452,3712,0,0,0,0,0,0,0,0,0,0,0,0,655360,1509362,90,7764052,
4461810,10,0,0,1509362,90,7771748,12,7771871,14,7771886,2,7772906,18,7773044,7,7773058,14,655360,1509362,186,7773148,
4461886,10,0,0,1509362,186,7773643,22,0,0,0,0,0,0,0,0,0,0,655360,1512754,529,7356623,
4461962,10,0,0,1512754,529,7357591,64,7357813,15,7358174,44,7360984,96,7389884,39,7392437,86,655360,1512754,1086,7405385,
4462038,10,0,0,1512754,1086,7477917,78,7478081,3,7494674,32,7495192,32,7496871,12,7503721,50,655360,1512754,1481,7515037,
4462114,10,0,0,1512754,1481,7529778,11,7529799,13,7531890,25,7541459,31,7541535,13,7541632,9,655360,1512754,1631,7541673,
4462190,10,0,0,1512754,1631,7546538,20,7546790,22,7548461,1,7549231,5,7578952,18,7582987,7,655360,1512754,1734,7728340,
4462266,10,0,0,1512754,1734,7733815,105,7748025,116,7748518,35,7748554,4,7998198,73,8145875,51,655360,1512754,2382,8184495,
4462342,10,0,0,1512754,2382,8270889,40,8272140,11,8274994,36,8503859,81,8520827,18,8520882,3,655360,1512754,2619,8521682,
4462418,10,0,0,1512754,2619,8631438,60,8739433,110,8849166,124,8849323,1,8849327,5,8850066,13,655360,1512754,3007,8850374,
4462494,10,0,0,1512754,3007,8889632,3,8901220,20,8902594,29,8902753,5,8903709,39,8922162,123,655360,1512754,3300,8996278,
4462570,10,0,0,1512754,3300,9013064,5,9013099,11,9138521,86,9171613,23,9171649,12,9473779,42,655360,1512754,3613,9476009,
4462646,10,0,0,1512754,3613,9534274,108,9534638,141,9534784,32,9534952,105,9535313,94,9535429,72,655360,1512754,4315,9540719,
4462722,10,0,0,1512754,4315,9567199,101,9567342,25,9567515,53,9569115,325,9569908,285,9570639,35,655360,1512754,5212,9571028,
4462798,10,0,0,1512754,5212,0,0,0,0,0,0,0,0,0,0,0,0,655360,1512757,29,7324185,
4462874,10,0,0,1512757,29,7324257,3,7324277,6,0,0,0,0,0,0,0,0,0,0,0,0,
4727822,10,0,0,1196331,341,7290318,2,7290337,3,7290412,1,7290414,10,7290483,3,7290494,2,655360,1196331,366,7290498,
4727898,10,0,0,1196331,366,7290523,2,7290546,2,7290618,1,7290631,3,7290662,1,7290666,3,655360,1196331,388,7290823,
4727974,10,0,0,1196331,388,7291018,1,7291020,2,7291037,1,7291052,1,7291056,1,7291471,5,655360,1196331,401,7291530,
4728050,10,0,0,1196331,401,7291566,1,7291574,2,7291577,3,7291581,1,7291584,1,7291621,1,655360,1196331,412,7292625,
4728126,10,0,0,1196331,412,7292722,11,7292751,2,7292764,2,7292835,5,7292915,1,7292922,2,655360,1196331,442,7292964,
4728202,10,0,0,1196331,442,7292983,2,7293174,3,7293188,1,7293197,1,7293203,2,7293206,7,655360,1196331,462,7293214,
4728278,10,0,0,1196331,462,7296538,1,7296627,5,7296641,2,7296653,2,7296669,3,7296706,2,655360,1196331,487,7296720,
4728354,10,0,0,1196331,487,7296811,1,7296823,1,7296865,3,7296883,10,7296914,1,7296988,2,655360,1196331,510,7297006,
4728430,10,0,0,1196331,510,7297068,1,7297109,1,7297111,2,7297124,1,7297128,1,7297142,1,655360,1196331,525,7297149,
4728506,10,0,0,1196331,525,7297165,2,7297168,3,7297253,3,7299574,2,7299814,2,7299818,2,655360,1196331,541,7300118,
4728582,10,0,0,1196331,541,7300750,4,7300769,2,7300787,7,7300818,2,7300821,1,7300831,4,655360,1196331,575,7300881,
4728658,10,0,0,1196331,575,7301085,2,7301200,1,7301216,1,7301284,2,7301291,1,7301293,1,655360,1196331,588,7301305,
4728734,10,0,0,1196331,588,7301311,2,7301314,2,7301317,2,7301336,2,7301663,2,7301820,2,655360,1196331,603,7301874,
4728810,10,0,0,1196331,603,7301958,2,7301961,1,7302074,1,7302078,1,7302080,1,7304330,1,655360,1196331,613,7304395,
4728886,10,0,0,1196331,613,7304468,1,7304487,1,7304508,2,7304643,1,7304704,1,7304712,3,655360,1196331,624,7304755,
4728962,10,0,0,1196331,624,7304785,3,7304972,3,7305076,1,7305087,2,7305090,2,7305176,2,655360,1196331,646,7305179,
4729038,10,0,0,1196331,646,7305187,1,7305700,4,7306104,3,7306124,4,7306254,3,7306320,2,655360,1196331,667,7306335,
4729114,10,0,0,1196331,667,7306375,2,7306454,1,7306458,2,7306477,3,7306493,2,7306496,2,655360,1196331,683,7306676,
4729190,10,0,0,1196331,683,7306844,2,7306847,2,7306965,2,7306968,2,7306971,2,7306986,1,655360,1196331,696,7307042,
4729266,10,0,0,1196331,696,7307050,2,7307106,2,7307109,2,7307372,1,7307446,3,7307450,1,655360,1196331,711,7307536,
4729342,10,0,0,1196331,711,7307630,3,7307706,3,7307719,1,7307737,6,7307887,5,7307901,1,655360,1196331,732,7307907,
4729418,10,0,0,1196331,732,7307965,1,7308352,2,7308387,2,7308416,1,7308457,2,7308462,1,655360,1196331,743,7308583,
4729494,10,0,0,1196331,743,7308925,2,7308957,1,7308965,1,7308994,1,7309035,1,7309076,1,655360,1196331,753,7309093,
4729570,10,0,0,1196331,753,7309355,1,7309433,7,7309481,8,7309502,2,7309511,1,7309697,1,655360,1196331,775,7309734,
4729646,10,0,0,1196331,775,7309757,1,7309767,2,7309771,1,7309774,3,7310121,1,7310126,2,655360,1196331,794,7310130,
4729722,10,0,0,1196331,794,7310151,4,7310331,3,7310358,2,7310362,1,7310422,1,7310427,9,655360,1196331,822,7310448,
4729798,10,0,0,1196331,822,7310536,3,7310548,1,7310580,7,7310627,1,7310631,2,7310751,1,655360,1196331,840,7310762,
4729874,10,0,0,1196331,840,7311028,2,7311045,3,7311177,3,7311197,1,7311206,1,7311372,2,655360,1196331,855,7311550,
4729950,10,0,0,1196331,855,7312776,3,7312784,1,7312870,1,7313091,1,7313098,3,7313134,6,655360,1196331,877,7313141,
4730026,10,0,0,1196331,877,7313182,1,7313203,1,7313258,1,7313260,2,7313338,2,7313348,1,655360,1196331,894,7313359,
4730102,10,0,0,1196331,894,7313444,1,7313603,2,7313620,3,7313698,1,7313770,2,7313777,1,655360,1196331,907,7313781,
4730178,10,0,0,1196331,907,7314170,1,7314318,7,7314333,1,7314399,1,7314401,1,7314426,1,655360,1196331,923,7314513,
4730254,10,0,0,1196331,923,7314902,1,7321356,1,7321537,3,7321542,1,7321807,2,7322345,7,655360,1196331,941,7322488,
4730330,10,0,0,1196331,941,0,0,0,0,0,0,0,0,0,0,0,0,0,0,0,0,
5121038,10,0,0,1196331,341,7290318,2,7290337,3,7290412,1,7290414,10,7290483,3,7290494,2,655360,1196331,366,7290498,
5121114,10,0,0,1196331,366,7290523,2,7290546,2,7290618,1,7290631,3,7290662,1,7290666,3,655360,1196331,388,7290823,
5121190,10,0,0,1196331,388,7291018,1,7291020,2,7291037,1,7291052,1,7291056,1,7291471,5,655360,1196331,401,7291530,
5121266,10,0,0,1196331,401,7291566,1,7291574,2,7291577,3,7291581,1,7291584,1,7291621,1,655360,1196331,412,7292625,
5121342,10,0,0,1196331,412,7292722,11,7292751,2,7292764,2,7292835,5,7292915,1,7292922,2,655360,1196331,442,7292964,
5121418,10,0,0,1196331,442,7292983,2,7293174,3,7293188,1,7293197,1,7293203,2,7293206,7,655360,1196331,462,7293214,
5121494,10,0,0,1196331,462,7296538,1,7296627,5,7296641,2,7296653,2,7296669,3,7296706,2,655360,1196331,487,7296720,
5121570,10,0,0,1196331,487,7296811,1,7296823,1,7296865,3,7296883,10,7296914,1,7296988,2,655360,1196331,510,7297006,
5121646,10,0,0,1196331,510,7297068,1,7297109,1,7297111,2,7297124,1,7297128,1,7297142,1,655360,1196331,525,7297149,
5121722,10,0,0,1196331,525,7297165,2,7297168,3,7297253,3,7299574,2,7299814,2,7299818,2,655360,1196331,541,7300118,
5121798,10,0,0,1196331,541,7300750,4,7300769,2,7300787,7,7300818,2,7300821,1,7300831,4,655360,1196331,575,7300881,
5121874,10,0,0,1196331,575,7301085,2,7301200,1,7301216,1,7301284,2,7301291,1,7301293,1,655360,1196331,588,7301305,
5121950,10,0,0,1196331,588,7301311,2,7301314,2,7301317,2,7301336,2,7301663,2,7301820,2,655360,1196331,603,7301874,
5122026,10,0,0,1196331,603,7301958,2,7301961,1,7302074,1,7302078,1,7302080,1,7304330,1,655360,1196331,613,7304395,
5122102,10,0,0,1196331,613,7304468,1,7304487,1,7304508,2,7304643,1,7304704,1,7304712,3,655360,1196331,624,7304755,
5122178,10,0,0,1196331,624,7304785,3,7304972,3,7305076,1,7305087,2,7305090,2,7305176,2,655360,1196331,646,7305179,
5122254,10,0,0,1196331,646,7305187,1,7305700,4,7306104,3,7306124,4,7306254,3,7306320,2,655360,1196331,667,7306335,
5122330,10,0,0,1196331,667,7306375,2,7306454,1,7306458,2,7306477,3,7306493,2,7306496,2,655360,1196331,683,7306676,
5122406,10,0,0,1196331,683,7306844,2,7306847,2,7306965,2,7306968,2,7306971,2,7306986,1,655360,1196331,696,7307042,
5122482,10,0,0,1196331,696,7307050,2,7307106,2,7307109,2,7307372,1,7307446,3,7307450,1,655360,1196331,711,7307536,
5122558,10,0,0,1196331,711,7307630,3,7307706,3,7307719,1,7307737,6,7307887,5,7307901,1,655360,1196331,732,7307907,
5122634,10,0,0,1196331,732,7307965,1,7308352,2,7308387,2,7308416,1,7308457,2,7308462,1,655360,1196331,743,7308583,
5122710,10,0,0,1196331,743,7308925,2,7308957,1,7308965,1,7308994,1,7309035,1,7309076,1,655360,1196331,753,7309093,
5122786,10,0,0,1196331,753,7309355,1,7309433,7,7309481,8,7309502,2,7309511,1,7309697,1,655360,1196331,775,7309734,
5122862,10,0,0,1196331,775,7309757,1,7309767,2,7309771,1,7309774,3,7310121,1,7310126,2,655360,1196331,794,7310130,
5122938,10,0,0,1196331,794,7310151,4,7310331,3,7310358,2,7310362,1,7310422,1,7310427,9,655360,1196331,822,7310448,
5123014,10,0,0,1196331,822,7310536,3,7310548,1,7310580,7,7310627,1,7310631,2,7310751,1,655360,1196331,840,7310762,
5123090,10,0,0,1196331,840,7311028,2,7311045,3,7311177,3,7311197,1,7311206,1,7311372,2,655360,1196331,855,7311550,
5123166,10,0,0,1196331,855,7312776,3,7312784,1,7312870,1,7313091,1,7313098,3,7313134,6,655360,1196331,877,7313141,
5123242,10,0,0,1196331,877,7313182,1,7313203,1,7313258,1,7313260,2,7313338,2,7313348,1,655360,1196331,894,7313359,
5123318,10,0,0,1196331,894,7313444,1,7313603,2,7313620,3,7313698,1,7313770,2,7313777,1,655360,1196331,907,7313781,
5123394,10,0,0,1196331,907,7314170,1,7314318,7,7314333,1,7314399,1,7314401,1,7314426,1,655360,1196331,923,7314513,
5123470,10,0,0,1196331,923,7314902,1,7321356,1,7321537,3,7321542,1,7321807,2,7322345,7,655360,1196331,941,7322488,
5123546,10,0,0,1196331,941,0,0,0,0,0,0,0,0,0,0,0,0,0,0,0,0,
5944334,10,0,0,1200073,86693,26772342,60,26774724,61,26775103,60,26775736,64,26775870,61,26776906,60,655360,1200073,87183,26804523,
5944410,10,0,0,1200073,87183,26837188,60,26837726,61,26837945,59,26838486,62,26838558,65,26838769,60,655360,1200073,87675,26839522,
5944486,10,0,0,1200073,87675,26915473,65,26919212,67,26926418,71,26935172,71,26935309,71,26936229,70,655360,1200073,88204,26936717,
5944562,10,0,0,1200073,88204,26951774,69,26954062,67,26954566,66,26960002,70,26967967,66,26968541,72,655360,1200073,88749,26969466,
5944638,10,0,0,1200073,88749,26969914,67,26970436,69,26971775,70,26973313,71,27000774,70,27001014,67,655360,1200073,89292,27033600,
5944714,10,0,0,1200073,89292,27065465,67,27066514,70,27099136,69,27099243,67,27131965,69,27132044,72,655360,1200073,89842,27154834,
5944790,10,0,0,1200073,89842,27164788,68,27164920,75,27197475,69,27197643,65,27204179,67,27205742,69,655360,1200073,90389,27206127,
5944866,10,0,0,1200073,90389,27211963,62,27230240,69,27230334,65,27230519,71,27231010,63,27232483,70,655360,1200073,90928,27248758,
5944942,10,0,0,1200073,90928,27263395,70,27264011,62,27266350,69,27296035,70,27328591,67,27361468,66,655360,1200073,91466,27394488,
5945018,10,0,0,1200073,91466,27459882,70,27460019,73,27460148,68,27460458,69,27460599,70,27492955,65,655360,1200073,92021,27525337,
5945094,10,0,0,1200073,92021,27539780,66,27539857,65,27539965,69,27558245,70,27581003,62,27582155,64,655360,1200073,92549,27590519,
5945170,10,0,0,1200073,92549,27593227,72,27623526,69,27656097,68,27656417,67,27689097,62,27689295,64,655360,1200073,93083,27689413,
5945246,10,0,0,1200073,93083,27735889,61,27736208,60,27755092,65,27787452,65,27787773,64,27816108,62,655360,1200073,93586,27820168,
5945322,10,0,0,1200073,93586,27820699,61,27852838,62,27885758,61,27918539,60,27951176,61,27951333,62,655360,1200073,94078,27984090,
5945398,10,0,0,1200073,94078,28049408,60,28082314,61,28082418,64,28082505,64,28115035,62,28147771,62,655360,1200073,94570,28168309,
5945474,10,0,0,1200073,94570,28181498,61,28181588,61,28183422,65,28183508,61,28213553,65,28246647,62,655360,1200073,95066,28246822,
5945550,10,0,0,1200073,95066,28278786,62,28283076,61,28302533,61,28303264,62,28310305,61,28311658,61,655360,1200073,95560,28344604,
5945626,10,0,0,1200073,95560,28377397,61,28409973,61,28410270,62,28410394,62,28429651,62,28429729,66,655360,1200073,96058,28433238,
5945702,10,0,0,1200073,96058,28456968,184,28457164,64,28475661,61,28540741,65,28540979,60,28573435,62,655360,1200073,96678,28583757,
5945778,10,0,0,1200073,96678,28638849,64,28639353,60,28640233,61,28640303,65,28671816,62,28672470,75,655360,1200073,97187,28738170,
5945854,10,0,0,1200073,97187,28770197,80,28802702,77,28803108,70,28803820,73,28830043,83,28835875,76,655360,1200073,97796,28838011,
5945930,10,0,0,1200073,97796,28868493,71,28868623,73,28900974,75,28952278,77,28957144,78,29000584,81,655360,1200073,98394,29002788,
5946006,10,0,0,1200073,98394,29064999,83,29097545,74,29098112,72,29118296,46,29164278,74,29167492,77,655360,1200073,98973,29168641,
5946082,10,0,0,1200073,98973,29195981,73,29196707,75,29197081,40,29261824,125,29262151,61,29283305,61,655360,1200073,99555,29290630,
5946158,10,0,0,1200073,99555,29298662,61,29327332,61,29328150,61,29329272,61,29360098,62,29391173,62,655360,1200073,100045,29391245,
5946234,10,0,0,1200073,100045,29393040,61,29395467,60,29425932,62,29438930,61,29439334,60,29445885,62,655360,1200073,100532,29446543,
5946310,10,0,0,1200073,100532,29447887,61,29450290,61,29450644,60,29453933,61,29454399,61,29454531,62,655360,1200073,101020,29455096,
5946386,10,0,0,1200073,101020,29455609,61,29456220,60,29457274,61,29458297,61,29458846,63,29490987,60,655360,1200073,101511,29491386,
5946462,10,0,0,1200073,101511,29492330,67,29521956,75,29523667,74,29524018,74,29524108,73,29527926,69,655360,1200073,102066,29528005,
5946538,10,0,0,1200073,102066,29556460,67,29581700,67,29584510,64,29622086,70,29622272,67,29710055,70,655360,1200073,102614,29757873,
5946614,10,0,0,1200073,102614,29982442,68,30095688,75,30145322,74,30146425,75,30146659,68,30146863,69,655360,1200073,103179,30179351,
5946690,10,0,0,1200073,103179,30212245,72,30245117,72,30245202,71,30277632,69,30277798,70,30310534,65,655360,1200073,103738,30310620,
5946766,10,0,0,1200073,103738,30343159,61,30366319,66,30441561,72,30473969,67,30605123,73,30703699,71,655360,1200073,104272,30736078,
5946842,10,0,0,1200073,104272,30801654,69,30801735,72,30834752,73,30867170,70,30899840,74,30899931,76,655360,1200073,104856,30928771,
5946918,10,0,0,1200073,104856,30966073,75,30990492,64,30990570,68,30996197,67,31062141,70,31062241,64,655360,1200073,105413,31063693,
5946994,10,0,0,1200073,105413,31097073,63,31097292,66,31109882,64,31117223,72,31125880,69,31129881,70,655360,1200073,105944,31132202,
5947070,10,0,0,1200073,105944,31134621,73,31162428,69,31163022,67,31164020,69,31195324,65,31228485,72,655360,1200073,106490,31260225,
5947146,10,0,0,1200073,106490,31260738,69,31261109,70,31261200,73,31293495,72,31294395,71,31295099,73,655360,1200073,107055,31322575,
5947222,10,0,0,1200073,107055,31322858,68,31322942,67,31326263,69,31326397,70,31359283,66,31359387,67,655360,1200073,107598,31359739,
5947298,10,0,0,1200073,107598,31404470,64,31405005,64,31405087,68,31406119,69,0,0,0,0,0,0,0,0,
