offset,keyLength,forkType,pad,fileID,startBlock,nodeNumber,
2625038,10,0,0,402815,33,8,
2625054,10,0,0,407247,948,96,
2625070,10,0,0,407786,1289,27,
2625086,10,0,0,408683,11,48,
2625102,10,0,0,410900,219,56,
2625118,10,0,0,638080,672,15,
2625134,10,0,0,795960,625,68,
2625150,10,0,0,1196999,50,40,
2625166,10,0,0,1199436,480,73,
2625182,10,0,0,1199659,51,13,
2625198,10,0,0,1200073,2644,18,
2625214,10,0,0,1200073,29357,66,
2625230,10,0,0,1200073,86693,38,
2625246,10,0,0,1434760,38,14,
2625262,10,0,0,1483266,864,7,
2625278,10,0,0,1483452,1472,4,
2625294,10,0,0,1512805,1037,5,
2625310,10,0,0,1544835,837,9,
2625326,10,0,0,1582853,67,12,
2625342,10,0,0,2032360,171,17,
2625358,10,0,0,2618791,370,6,
2625374,10,0,0,2618791,1855,20,
2625390,10,0,0,2618791,6348,42,
2625406,10,0,0,2618791,8978,44,
2625422,10,0,0,2618791,9774,41,
2625438,10,0,0,2618791,10332,45,
2625454,10,0,0,2618791,10867,47,
2625470,10,0,0,2618791,11559,49,
2625486,10,0,0,2618791,12262,16,
2625502,10,0,0,2830693,35,21,
2625518,10,0,0,3115031,8449,24,
2625534,10,0,0,3228504,8132,19,
2625550,10,0,0,3260872,116225,30,
2625566,10,0,0,3482647,13,32,
2625582,10,0,0,3634591,97,1,
2625598,10,0,0,3636366,38,35,
2625614,10,0,0,3636456,2851,11,
2625630,10,0,0,4191345,22,28,
2625646,10,0,0,4193707,411648,43,
2625662,10,0,0,4228744,349573,52,
2625678,10,0,0,4248376,214,51,
2625694,10,0,0,4248376,1595,39,
2625710,10,0,0,4248376,4945,29,
2625726,10,0,0,4248376,5978,34,
2625742,10,0,0,4248376,6530,54,
2625758,10,0,0,4306998,288,57,
2625774,10,0,0,4306999,256,58,
2625790,10,0,0,4361894,76289,60,
2625806,10,0,0,4389458,99841,59,
2625822,10,0,0,4403562,47,31,
2625838,10,0,0,4532913,25856,22,
2625854,10,0,0,4536011,84480,62,
2625870,10,0,0,4599965,21,55,
2625886,10,0,0,4608893,104448,64,
2625902,10,0,0,4658772,4609,63,
2625918,10,0,0,4847867,18177,53,
2625934,10,0,0,4876471,104,71,
2625950,10,0,0,4979415,14,70,
2625966,10,0,0,5146879,18,10,
2625982,10,0,0,5317784,30,23,
2625998,10,0,0,5441813,129,33,
2626014,10,0,0,5441813,484,2,
2626030,10,0,0,5441813,1735,26,
2626046,10,0,0,5686221,8705,25,
2626062,10,0,0,6011622,21,37,
2626078,10,0,0,7755831,23,67,
2626094,10,0,0,7785825,2304,61,
2626110,10,0,0,7908873,12801,76,
2626126,10,0,0,8089861,256,50,
2626142,10,0,0,8119792,384,74,
2626158,10,0,0,8119792,2400,94,
2626174,10,0,0,8270432,37,82,
2626190,10,0,0,9116475,6657,36,
2626206,10,0,0,9125709,21,81,
2626222,10,0,0,9186401,14,97,
2626238,10,0,0,9478136,1109,80,
2626254,10,0,0,9478136,1711,83,
2626270,10,0,0,9478136,2258,77,
2626286,10,0,0,9568504,95,69,
2626302,10,0,0,9568504,398,72,
2626318,10,0,0,9568504,989,75,
2626334,10,0,0,9593738,235,78,
2626350,10,0,0,9615291,12,79,
2626366,10,0,0,9615291,598,84,
2626382,10,0,0,9615291,885,65,
