offset,signature,version,attributes,lastMountedVersion,journalInfoBlock,createDate,modifyDate,backupDate,checkedDate,fileCount,folderCount,blockSize,totalBlocks,freeBlocks,nextAllocation,rsrcClumpSize,dataClumpSize,nextCatalogID,writeCount,encodingsBitmap,finderInfo,allocationFile/logicalSize,allocationFile/clumpSize,allocationFile/totalBlocks,allocationFile/extents/extent0/startBlock,allocationFile/extents/extent0/blockCount,allocationFile/extents/extent1/startBlock,allocationFile/extents/extent1/blockCount,allocationFile/extents/extent2/startBlock,allocationFile/extents/extent2/blockCount,allocationFile/extents/extent3/startBlock,allocationFile/extents/extent3/blockCount,allocationFile/extents/extent4/startBlock,allocationFile/extents/extent4/blockCount,allocationFile/extents/extent5/startBlock,allocationFile/extents/extent5/blockCount,allocationFile/extents/extent6/startBlock,allocationFile/extents/extent6/blockCount,allocationFile/extents/extent7/startBlock,allocationFile/extents/extent7/blockCount,extentsFile/logicalSize,extentsFile/clumpSize,extentsFile/totalBlocks,extentsFile/extents/extent0/startBlock,extentsFile/extents/extent0/blockCount,extentsFile/extents/extent1/startBlock,extentsFile/extents/extent1/blockCount,extentsFile/extents/extent2/startBlock,extentsFile/extents/extent2/blockCount,extentsFile/extents/extent3/startBlock,extentsFile/extents/extent3/blockCount,extentsFile/extents/extent4/startBlock,extentsFile/extents/extent4/blockCount,extentsFile/extents/extent5/startBlock,extentsFile/extents/extent5/blockCount,extentsFile/extents/extent6/startBlock,extentsFile/extents/extent6/blockCount,extentsFile/extents/extent7/startBlock,extentsFile/extents/extent7/blockCount,catalogFile/logicalSize,catalogFile/clumpSize,catalogFile/totalBlocks,catalogFile/extents/extent0/startBlock,catalogFile/extents/extent0/blockCount,catalogFile/extents/extent1/startBlock,catalogFile/extents/extent1/blockCount,catalogFile/extents/extent2/startBlock,catalogFile/extents/extent2/blockCount,catalogFile/extents/extent3/startBlock,catalogFile/extents/extent3/blockCount,catalogFile/extents/extent4/startBlock,catalogFile/extents/extent4/blockCount,catalogFile/extents/extent5/startBlock,catalogFile/extents/extent5/blockCount,catalogFile/extents/extent6/startBlock,catalogFile/extents/extent6/blockCount,catalogFile/extents/extent7/startBlock,catalogFile/extents/extent7/blockCount,attributesFile/logicalSize,attributesFile/clumpSize,attributesFile/totalBlocks,attributesFile/extents/extent0/startBlock,attributesFile/extents/extent0/blockCount,attributesFile/extents/extent1/startBlock,attributesFile/extents/extent1/blockCount,attributesFile/extents/extent2/startBlock,attributesFile/extents/extent2/blockCount,attributesFile/extents/extent3/startBlock,attributesFile/extents/extent3/blockCount,attributesFile/extents/extent4/startBlock,attributesFile/extents/extent4/blockCount,attributesFile/extents/extent5/startBlock,attributesFile/extents/extent5/blockCount,attributesFile/extents/extent6/startBlock,attributesFile/extents/extent6/blockCount,attributesFile/extents/extent7/startBlock,attributesFile/extents/extent7/blockCount,startupFile/logicalSize,startupFile/clumpSize,startupFile/totalBlocks,startupFile/extents/extent0/startBlock,startupFile/extents/extent0/blockCount,startupFile/extents/extent1/startBlock,startupFile/extents/extent1/blockCount,startupFile/extents/extent2/startBlock,startupFile/extents/extent2/blockCount,startupFile/extents/extent3/startBlock,startupFile/extents/extent3/blockCount,startupFile/extents/extent4/startBlock,startupFile/extents/extent4/blockCount,startupFile/extents/extent5/startBlock,startupFile/extents/extent5/blockCount,startupFile/extents/extent6/startBlock,startupFile/extents/extent6/blockCount,startupFile/extents/extent7/startBlock,startupFile/extents/extent7/blockCount,
5002752,18475,4,2147491840,1212568394,7301597,3493497227,3507823445,0,3493522427,1375728,176484,4096,121826168,75349814,7593711,65536,65536,9690629,1955356929,35651835,"(795982, 9113154, 0, 0, 0, 795982, 3536133040, 2451936976)",30511104,30511104,7449,1,7449,0,0,0,0,0,0,0,0,0,0,0,0,0,0,11534336,11534336,2816,27931,2816,0,0,0,0,0,0,0,0,0,0,0,0,0,0,1073741824,268435456,262144,751643,262144,0,0,0,0,0,0,0,0,0,0,0,0,0,0,805306368,268435456,196608,30747,196608,0,0,0,0,0,0,0,0,0,0,0,0,0,0,0,0,0,0,0,0,0,0,0,0,0,0,0,0,0,0,0,0,0,
5277184,18475,4,2147491840,1212568394,7301597,3493497227,3507823475,0,3493522427,1375728,176484,4096,121826168,75349814,7632777,65536,65536,9690630,1955356946,35651835,"(795982, 9113154, 0, 0, 0, 795982, 3536133040, 2451936976)",30511104,30511104,7449,1,7449,0,0,0,0,0,0,0,0,0,0,0,0,0,0,11534336,11534336,2816,27931,2816,0,0,0,0,0,0,0,0,0,0,0,0,0,0,1073741824,268435456,262144,751643,262144,0,0,0,0,0,0,0,0,0,0,0,0,0,0,805306368,268435456,196608,30747,196608,0,0,0,0,0,0,0,0,0,0,0,0,0,0,0,0,0,0,0,0,0,0,0,0,0,0,0,0,0,0,0,0,0,
5445120,18475,4,2147491840,1212568394,7301597,3493497227,3507823505,0,3493522427,1375729,176484,4096,121826168,75349802,31523263,65536,65536,9690634,1955357490,35651835,"(795982, 9113154, 0, 0, 0, 795982, 3536133040, 2451936976)",30511104,30511104,7449,1,7449,0,0,0,0,0,0,0,0,0,0,0,0,0,0,11534336,11534336,2816,27931,2816,0,0,0,0,0,0,0,0,0,0,0,0,0,0,1073741824,268435456,262144,751643,262144,0,0,0,0,0,0,0,0,0,0,0,0,0,0,805306368,268435456,196608,30747,196608,0,0,0,0,0,0,0,0,0,0,0,0,0,0,0,0,0,0,0,0,0,0,0,0,0,0,0,0,0,0,0,0,0,
6010368,18475,4,2147491840,1212568394,7301597,3493497227,3507823534,0,3493522427,1375729,176484,4096,121826168,75349800,31523273,65536,65536,9690636,1955357501,35651835,"(795982, 9113154, 0, 0, 0, 795982, 3536133040, 2451936976)",30511104,30511104,7449,1,7449,0,0,0,0,0,0,0,0,0,0,0,0,0,0,11534336,11534336,2816,27931,2816,0,0,0,0,0,0,0,0,0,0,0,0,0,0,1073741824,268435456,262144,751643,262144,0,0,0,0,0,0,0,0,0,0,0,0,0,0,805306368,268435456,196608,30747,196608,0,0,0,0,0,0,0,0,0,0,0,0,0,0,0,0,0,0,0,0,0,0,0,0,0,0,0,0,0,0,0,0,0,
6186496,18475,4,2147491840,1212568394,7301597,3493497227,3507823564,0,3493522427,1375729,176484,4096,121826168,75349800,31588370,65536,65536,9690641,1955357563,35651835,"(795982, 9113154, 0, 0, 0, 795982, 3536133040, 2451936976)",30511104,30511104,7449,1,7449,0,0,0,0,0,0,0,0,0,0,0,0,0,0,11534336,11534336,2816,27931,2816,0,0,0,0,0,0,0,0,0,0,0,0,0,0,1073741824,268435456,262144,751643,262144,0,0,0,0,0,0,0,0,0,0,0,0,0,0,805306368,268435456,196608,30747,196608,0,0,0,0,0,0,0,0,0,0,0,0,0,0,0,0,0,0,0,0,0,0,0,0,0,0,0,0,0,0,0,0,0,
6395392,18475,4,2147491840,1212568394,7301597,3493497227,3507823587,0,3493522427,1375729,176484,4096,121826168,75349725,31556522,65536,65536,9690641,1955357745,35651835,"(795982, 9113154, 0, 0, 0, 795982, 3536133040, 2451936976)",30511104,30511104,7449,1,7449,0,0,0,0,0,0,0,0,0,0,0,0,0,0,11534336,11534336,2816,27931,2816,0,0,0,0,0,0,0,0,0,0,0,0,0,0,1073741824,268435456,262144,751643,262144,0,0,0,0,0,0,0,0,0,0,0,0,0,0,805306368,268435456,196608,30747,196608,0,0,0,0,0,0,0,0,0,0,0,0,0,0,0,0,0,0,0,0,0,0,0,0,0,0,0,0,0,0,0,0,0,
6551040,18475,4,2147491840,1212568394,7301597,3493497227,3507823625,0,3493522427,1375729,176484,4096,121826168,75349725,7632775,65536,65536,9690645,1955357824,35651835,"(795982, 9113154, 0, 0, 0, 795982, 3536133040, 2451936976)",30511104,30511104,7449,1,7449,0,0,0,0,0,0,0,0,0,0,0,0,0,0,11534336,11534336,2816,27931,2816,0,0,0,0,0,0,0,0,0,0,0,0,0,0,1073741824,268435456,262144,751643,262144,0,0,0,0,0,0,0,0,0,0,0,0,0,0,805306368,268435456,196608,30747,196608,0,0,0,0,0,0,0,0,0,0,0,0,0,0,0,0,0,0,0,0,0,0,0,0,0,0,0,0,0,0,0,0,0,
6792704,18475,4,2147491840,1212568394,7301597,3493497227,3507823655,0,3493522427,1375729,176484,4096,121826168,75349745,7503989,65536,65536,9690680,1955358174,35651835,"(795982, 9113154, 0, 0, 0, 795982, 3536133040, 2451936976)",30511104,30511104,7449,1,7449,0,0,0,0,0,0,0,0,0,0,0,0,0,0,11534336,11534336,2816,27931,2816,0,0,0,0,0,0,0,0,0,0,0,0,0,0,1073741824,268435456,262144,751643,262144,0,0,0,0,0,0,0,0,0,0,0,0,0,0,805306368,268435456,196608,30747,196608,0,0,0,0,0,0,0,0,0,0,0,0,0,0,0,0,0,0,0,0,0,0,0,0,0,0,0,0,0,0,0,0,0,
7165440,18475,4,2147491840,1212568394,7301597,3493497227,3507823685,0,3493522427,1375729,176484,4096,121826168,75349745,7518009,65536,65536,9690685,1955358242,35651835,"(795982, 9113154, 0, 0, 0, 795982, 3536133040, 2451936976)",30511104,30511104,7449,1,7449,0,0,0,0,0,0,0,0,0,0,0,0,0,0,11534336,11534336,2816,27931,2816,0,0,0,0,0,0,0,0,0,0,0,0,0,0,1073741824,268435456,262144,751643,262144,0,0,0,0,0,0,0,0,0,0,0,0,0,0,805306368,268435456,196608,30747,196608,0,0,0,0,0,0,0,0,0,0,0,0,0,0,0,0,0,0,0,0,0,0,0,0,0,0,0,0,0,0,0,0,0,
7443968,18475,4,2147491840,1212568394,7301597,3493497227,3507823714,0,3493522427,1375729,176484,4096,121826168,75349747,7518043,65536,65536,9690687,1955358263,35651835,"(795982, 9113154, 0, 0, 0, 795982, 3536133040, 2451936976)",30511104,30511104,7449,1,7449,0,0,0,0,0,0,0,0,0,0,0,0,0,0,11534336,11534336,2816,27931,2816,0,0,0,0,0,0,0,0,0,0,0,0,0,0,1073741824,268435456,262144,751643,262144,0,0,0,0,0,0,0,0,0,0,0,0,0,0,805306368,268435456,196608,30747,196608,0,0,0,0,0,0,0,0,0,0,0,0,0,0,0,0,0,0,0,0,0,0,0,0,0,0,0,0,0,0,0,0,0,
7611904,18475,4,2147491840,1212568394,7301597,3493497227,3507823745,0,3493522427,1375729,176484,4096,121826168,75349674,31588443,65536,65536,9690694,1955358499,35651835,"(795982, 9113154, 0, 0, 0, 795982, 3536133040, 2451936976)",30511104,30511104,7449,1,7449,0,0,0,0,0,0,0,0,0,0,0,0,0,0,11534336,11534336,2816,27931,2816,0,0,0,0,0,0,0,0,0,0,0,0,0,0,1073741824,268435456,262144,751643,262144,0,0,0,0,0,0,0,0,0,0,0,0,0,0,805306368,268435456,196608,30747,196608,0,0,0,0,0,0,0,0,0,0,0,0,0,0,0,0,0,0,0,0,0,0,0,0,0,0,0,0,0,0,0,0,0,
7865856,18475,4,2147491840,1212568394,7301597,3493497227,3507823775,0,3493522427,1375729,176484,4096,121826168,75349674,31589115,65536,65536,9690697,1955358548,35651835,"(795982, 9113154, 0, 0, 0, 795982, 3536133040, 2451936976)",30511104,30511104,7449,1,7449,0,0,0,0,0,0,0,0,0,0,0,0,0,0,11534336,11534336,2816,27931,2816,0,0,0,0,0,0,0,0,0,0,0,0,0,0,1073741824,268435456,262144,751643,262144,0,0,0,0,0,0,0,0,0,0,0,0,0,0,805306368,268435456,196608,30747,196608,0,0,0,0,0,0,0,0,0,0,0,0,0,0,0,0,0,0,0,0,0,0,0,0,0,0,0,0,0,0,0,0,0,
8144384,18475,4,2147491840,1212568394,7301597,3493497227,3507823804,0,3493522427,1375729,176484,4096,121826168,75349673,7593653,65536,65536,9690700,1955358609,35651835,"(795982, 9113154, 0, 0, 0, 795982, 3536133040, 2451936976)",30511104,30511104,7449,1,7449,0,0,0,0,0,0,0,0,0,0,0,0,0,0,11534336,11534336,2816,27931,2816,0,0,0,0,0,0,0,0,0,0,0,0,0,0,1073741824,268435456,262144,751643,262144,0,0,0,0,0,0,0,0,0,0,0,0,0,0,805306368,268435456,196608,30747,196608,0,0,0,0,0,0,0,0,0,0,0,0,0,0,0,0,0,0,0,0,0,0,0,0,0,0,0,0,0,0,0,0,0,
8402432,18475,4,2147491840,1212568394,7301597,3493497227,3507823834,0,3493522427,1375729,176484,4096,121826168,75349673,7593750,65536,65536,9690703,1955358656,35651835,"(795982, 9113154, 0, 0, 0, 795982, 3536133040, 2451936976)",30511104,30511104,7449,1,7449,0,0,0,0,0,0,0,0,0,0,0,0,0,0,11534336,11534336,2816,27931,2816,0,0,0,0,0,0,0,0,0,0,0,0,0,0,1073741824,268435456,262144,751643,262144,0,0,0,0,0,0,0,0,0,0,0,0,0,0,805306368,268435456,196608,30747,196608,0,0,0,0,0,0,0,0,0,0,0,0,0,0,0,0,0,0,0,0,0,0,0,0,0,0,0,0,0,0,0,0,0,
8611328,18475,4,2147491840,1212568394,7301597,3493497227,3507823865,0,3493522427,1375729,176484,4096,121826168,75349663,7285097,65536,65536,9690708,1955358745,35651835,"(795982, 9113154, 0, 0, 0, 795982, 3536133040, 2451936976)",30511104,30511104,7449,1,7449,0,0,0,0,0,0,0,0,0,0,0,0,0,0,11534336,11534336,2816,27931,2816,0,0,0,0,0,0,0,0,0,0,0,0,0,0,1073741824,268435456,262144,751643,262144,0,0,0,0,0,0,0,0,0,0,0,0,0,0,805306368,268435456,196608,30747,196608,0,0,0,0,0,0,0,0,0,0,0,0,0,0,0,0,0,0,0,0,0,0,0,0,0,0,0,0,0,0,0,0,0,
8963584,18475,4,2147491840,1212568394,7301597,3493497227,3507823867,0,3493522427,1375729,176484,4096,121826168,75349649,7286287,65536,65536,9690713,1955358798,35651835,"(795982, 9113154, 0, 0, 0, 795982, 3536133040, 2451936976)",30511104,30511104,7449,1,7449,0,0,0,0,0,0,0,0,0,0,0,0,0,0,11534336,11534336,2816,27931,2816,0,0,0,0,0,0,0,0,0,0,0,0,0,0,1073741824,268435456,262144,751643,262144,0,0,0,0,0,0,0,0,0,0,0,0,0,0,805306368,268435456,196608,30747,196608,0,0,0,0,0,0,0,0,0,0,0,0,0,0,0,0,0,0,0,0,0,0,0,0,0,0,0,0,0,0,0,0,0,
9156096,18475,4,2147491840,1212568394,7301597,3493497227,3507823869,0,3493522427,1375729,176484,4096,121826168,75349649,7286287,65536,65536,9690713,1955358800,35651835,"(795982, 9113154, 0, 0, 0, 795982, 3536133040, 2451936976)",30511104,30511104,7449,1,7449,0,0,0,0,0,0,0,0,0,0,0,0,0,0,11534336,11534336,2816,27931,2816,0,0,0,0,0,0,0,0,0,0,0,0,0,0,1073741824,268435456,262144,751643,262144,0,0,0,0,0,0,0,0,0,0,0,0,0,0,805306368,268435456,196608,30747,196608,0,0,0,0,0,0,0,0,0,0,0,0,0,0,0,0,0,0,0,0,0,0,0,0,0,0,0,0,0,0,0,0,0,
9270784,18475,4,2147491840,1212568394,7301597,3493497227,3507823895,0,3493522427,1375729,176484,4096,121826168,75349647,7645577,65536,65536,9690720,1955358846,35651835,"(795982, 9113154, 0, 0, 0, 795982, 3536133040, 2451936976)",30511104,30511104,7449,1,7449,0,0,0,0,0,0,0,0,0,0,0,0,0,0,11534336,11534336,2816,27931,2816,0,0,0,0,0,0,0,0,0,0,0,0,0,0,1073741824,268435456,262144,751643,262144,0,0,0,0,0,0,0,0,0,0,0,0,0,0,805306368,268435456,196608,30747,196608,0,0,0,0,0,0,0,0,0,0,0,0,0,0,0,0,0,0,0,0,0,0,0,0,0,0,0,0,0,0,0,0,0,
9885184,18475,4,2147491840,1212568394,7301597,3493497227,3507823916,0,3493522427,1375733,176484,4096,121826168,75349567,9437031,65536,65536,9690726,1955359071,35651835,"(795982, 9113154, 0, 0, 0, 795982, 3536133040, 2451936976)",30511104,30511104,7449,1,7449,0,0,0,0,0,0,0,0,0,0,0,0,0,0,11534336,11534336,2816,27931,2816,0,0,0,0,0,0,0,0,0,0,0,0,0,0,1073741824,268435456,262144,751643,262144,0,0,0,0,0,0,0,0,0,0,0,0,0,0,805306368,268435456,196608,30747,196608,0,0,0,0,0,0,0,0,0,0,0,0,0,0,0,0,0,0,0,0,0,0,0,0,0,0,0,0,0,0,0,0,0,
10253824,18475,4,2147491840,1212568394,7301597,3493497227,3507823916,0,3493522427,1375733,176484,4096,121826168,75349567,9437035,65536,65536,9690726,1955359073,35651835,"(795982, 9113154, 0, 0, 0, 795982, 3536133040, 2451936976)",30511104,30511104,7449,1,7449,0,0,0,0,0,0,0,0,0,0,0,0,0,0,11534336,11534336,2816,27931,2816,0,0,0,0,0,0,0,0,0,0,0,0,0,0,1073741824,268435456,262144,751643,262144,0,0,0,0,0,0,0,0,0,0,0,0,0,0,805306368,268435456,196608,30747,196608,0,0,0,0,0,0,0,0,0,0,0,0,0,0,0,0,0,0,0,0,0,0,0,0,0,0,0,0,0,0,0,0,0,
10606080,18475,4,2147491840,1212568394,7301597,3493497227,3507823916,0,3493522427,1375729,176484,4096,121826168,75349552,7622980,65536,65536,9690726,1955359132,35651835,"(795982, 9113154, 0, 0, 0, 795982, 3536133040, 2451936976)",30511104,30511104,7449,1,7449,0,0,0,0,0,0,0,0,0,0,0,0,0,0,11534336,11534336,2816,27931,2816,0,0,0,0,0,0,0,0,0,0,0,0,0,0,1073741824,268435456,262144,751643,262144,0,0,0,0,0,0,0,0,0,0,0,0,0,0,805306368,268435456,196608,30747,196608,0,0,0,0,0,0,0,0,0,0,0,0,0,0,0,0,0,0,0,0,0,0,0,0,0,0,0,0,0,0,0,0,0,
342016,18475,4,2147491840,1212568394,7301597,3493497227,3507823916,0,3493522427,1375729,176484,4096,121826168,75349552,7622982,65536,65536,9690726,1955359134,35651835,"(795982, 9113154, 0, 0, 0, 795982, 3536133040, 2451936976)",30511104,30511104,7449,1,7449,0,0,0,0,0,0,0,0,0,0,0,0,0,0,11534336,11534336,2816,27931,2816,0,0,0,0,0,0,0,0,0,0,0,0,0,0,1073741824,268435456,262144,751643,262144,0,0,0,0,0,0,0,0,0,0,0,0,0,0,805306368,268435456,196608,30747,196608,0,0,0,0,0,0,0,0,0,0,0,0,0,0,0,0,0,0,0,0,0,0,0,0,0,0,0,0,0,0,0,0,0,
460800,18475,4,2147491840,1212568394,7301597,3493497227,3507823916,0,3493522427,1375729,176484,4096,121826168,75349553,7622986,65536,65536,9690726,1955359142,35651835,"(795982, 9113154, 0, 0, 0, 795982, 3536133040, 2451936976)",30511104,30511104,7449,1,7449,0,0,0,0,0,0,0,0,0,0,0,0,0,0,11534336,11534336,2816,27931,2816,0,0,0,0,0,0,0,0,0,0,0,0,0,0,1073741824,268435456,262144,751643,262144,0,0,0,0,0,0,0,0,0,0,0,0,0,0,805306368,268435456,196608,30747,196608,0,0,0,0,0,0,0,0,0,0,0,0,0,0,0,0,0,0,0,0,0,0,0,0,0,0,0,0,0,0,0,0,0,
710656,18475,4,2147491840,1212568394,7301597,3493497227,3507823924,0,3493522427,1375728,176484,4096,121826168,75349554,7622987,65536,65536,9690728,1955359146,35651835,"(795982, 9113154, 0, 0, 0, 795982, 3536133040, 2451936976)",30511104,30511104,7449,1,7449,0,0,0,0,0,0,0,0,0,0,0,0,0,0,11534336,11534336,2816,27931,2816,0,0,0,0,0,0,0,0,0,0,0,0,0,0,1073741824,268435456,262144,751643,262144,0,0,0,0,0,0,0,0,0,0,0,0,0,0,805306368,268435456,196608,30747,196608,0,0,0,0,0,0,0,0,0,0,0,0,0,0,0,0,0,0,0,0,0,0,0,0,0,0,0,0,0,0,0,0,0,
927744,18475,4,2147491840,1212568394,7301597,3493497227,3507823933,0,3493522427,1375729,176484,4096,121826168,75349554,7623024,65536,65536,9690730,1955359158,35651835,"(795982, 9113154, 0, 0, 0, 795982, 3536133040, 2451936976)",30511104,30511104,7449,1,7449,0,0,0,0,0,0,0,0,0,0,0,0,0,0,11534336,11534336,2816,27931,2816,0,0,0,0,0,0,0,0,0,0,0,0,0,0,1073741824,268435456,262144,751643,262144,0,0,0,0,0,0,0,0,0,0,0,0,0,0,805306368,268435456,196608,30747,196608,0,0,0,0,0,0,0,0,0,0,0,0,0,0,0,0,0,0,0,0,0,0,0,0,0,0,0,0,0,0,0,0,0,
1120256,18475,4,2147491840,1212568394,7301597,3493497227,3507823933,0,3493522427,1375729,176484,4096,121826168,75349554,7623092,65536,65536,9690730,1955359160,35651835,"(795982, 9113154, 0, 0, 0, 795982, 3536133040, 2451936976)",30511104,30511104,7449,1,7449,0,0,0,0,0,0,0,0,0,0,0,0,0,0,11534336,11534336,2816,27931,2816,0,0,0,0,0,0,0,0,0,0,0,0,0,0,1073741824,268435456,262144,751643,262144,0,0,0,0,0,0,0,0,0,0,0,0,0,0,805306368,268435456,196608,30747,196608,0,0,0,0,0,0,0,0,0,0,0,0,0,0,0,0,0,0,0,0,0,0,0,0,0,0,0,0,0,0,0,0,0,
1263616,18475,4,2147491840,1212568394,7301597,3493497227,3507823954,0,3493522427,1375729,176484,4096,121826168,75349553,7529360,65536,65536,9690733,1955359279,35651835,"(795982, 9113154, 0, 0, 0, 795982, 3536133040, 2451936976)",30511104,30511104,7449,1,7449,0,0,0,0,0,0,0,0,0,0,0,0,0,0,11534336,11534336,2816,27931,2816,0,0,0,0,0,0,0,0,0,0,0,0,0,0,1073741824,268435456,262144,751643,262144,0,0,0,0,0,0,0,0,0,0,0,0,0,0,805306368,268435456,196608,30747,196608,0,0,0,0,0,0,0,0,0,0,0,0,0,0,0,0,0,0,0,0,0,0,0,0,0,0,0,0,0,0,0,0,0,
1513472,18475,4,2147491840,1212568394,7301597,3493497227,3507823984,0,3493522427,1375729,176484,4096,121826168,75349552,7647118,65536,65536,9690743,1955359354,35651835,"(795982, 9113154, 0, 0, 0, 795982, 3536133040, 2451936976)",30511104,30511104,7449,1,7449,0,0,0,0,0,0,0,0,0,0,0,0,0,0,11534336,11534336,2816,27931,2816,0,0,0,0,0,0,0,0,0,0,0,0,0,0,1073741824,268435456,262144,751643,262144,0,0,0,0,0,0,0,0,0,0,0,0,0,0,805306368,268435456,196608,30747,196608,0,0,0,0,0,0,0,0,0,0,0,0,0,0,0,0,0,0,0,0,0,0,0,0,0,0,0,0,0,0,0,0,0,
1771520,18475,4,2147491840,1212568394,7301597,3493497227,3507823999,0,3493522427,1375729,176484,4096,121826168,75349558,7647118,65536,65536,9690743,1955359364,35651835,"(795982, 9113154, 0, 0, 0, 795982, 3536133040, 2451936976)",30511104,30511104,7449,1,7449,0,0,0,0,0,0,0,0,0,0,0,0,0,0,11534336,11534336,2816,27931,2816,0,0,0,0,0,0,0,0,0,0,0,0,0,0,1073741824,268435456,262144,751643,262144,0,0,0,0,0,0,0,0,0,0,0,0,0,0,805306368,268435456,196608,30747,196608,0,0,0,0,0,0,0,0,0,0,0,0,0,0,0,0,0,0,0,0,0,0,0,0,0,0,0,0,0,0,0,0,0,
1886208,18475,4,2147491840,1212568394,7301597,3493497227,3507823999,0,3493522427,1375729,176484,4096,121826168,75349558,7647118,65536,65536,9690743,1955359365,35651835,"(795982, 9113154, 0, 0, 0, 795982, 3536133040, 2451936976)",30511104,30511104,7449,1,7449,0,0,0,0,0,0,0,0,0,0,0,0,0,0,11534336,11534336,2816,27931,2816,0,0,0,0,0,0,0,0,0,0,0,0,0,0,1073741824,268435456,262144,751643,262144,0,0,0,0,0,0,0,0,0,0,0,0,0,0,805306368,268435456,196608,30747,196608,0,0,0,0,0,0,0,0,0,0,0,0,0,0,0,0,0,0,0,0,0,0,0,0,0,0,0,0,0,0,0,0,0,
2000896,18475,4,2147491840,1212568394,7301597,3493497227,3507824014,0,3493522427,1375729,176484,4096,121826168,75349552,7647155,65536,65536,9690745,1955359385,35651835,"(795982, 9113154, 0, 0, 0, 795982, 3536133040, 2451936976)",30511104,30511104,7449,1,7449,0,0,0,0,0,0,0,0,0,0,0,0,0,0,11534336,11534336,2816,27931,2816,0,0,0,0,0,0,0,0,0,0,0,0,0,0,1073741824,268435456,262144,751643,262144,0,0,0,0,0,0,0,0,0,0,0,0,0,0,805306368,268435456,196608,30747,196608,0,0,0,0,0,0,0,0,0,0,0,0,0,0,0,0,0,0,0,0,0,0,0,0,0,0,0,0,0,0,0,0,0,
2201600,18475,4,2147491840,1212568394,7301597,3493497227,3507824044,0,3493522427,1375729,176484,4096,121826168,75349297,8842324,65536,65536,9690752,1955359472,35651835,"(795982, 9113154, 0, 0, 0, 795982, 3536133040, 2451936976)",30511104,30511104,7449,1,7449,0,0,0,0,0,0,0,0,0,0,0,0,0,0,11534336,11534336,2816,27931,2816,0,0,0,0,0,0,0,0,0,0,0,0,0,0,1073741824,268435456,262144,751643,262144,0,0,0,0,0,0,0,0,0,0,0,0,0,0,805306368,268435456,196608,30747,196608,0,0,0,0,0,0,0,0,0,0,0,0,0,0,0,0,0,0,0,0,0,0,0,0,0,0,0,0,0,0,0,0,0,
2770944,18475,4,2147491840,1212568394,7301597,3493497227,3507824046,0,3493522427,1375740,176486,4096,121826168,75349273,8842614,65536,65536,9690776,1955359570,35651835,"(795982, 9113154, 0, 0, 0, 795982, 3536133040, 2451936976)",30511104,30511104,7449,1,7449,0,0,0,0,0,0,0,0,0,0,0,0,0,0,11534336,11534336,2816,27931,2816,0,0,0,0,0,0,0,0,0,0,0,0,0,0,1073741824,268435456,262144,751643,262144,0,0,0,0,0,0,0,0,0,0,0,0,0,0,805306368,268435456,196608,30747,196608,0,0,0,0,0,0,0,0,0,0,0,0,0,0,0,0,0,0,0,0,0,0,0,0,0,0,0,0,0,0,0,0,0,
2967552,18475,4,2147491840,1212568394,7301597,3493497227,3507824074,0,3493522427,1375751,176488,4096,121826168,75349229,8843649,65536,65536,9690803,1955359743,35651835,"(795982, 9113154, 0, 0, 0, 795982, 3536133040, 2451936976)",30511104,30511104,7449,1,7449,0,0,0,0,0,0,0,0,0,0,0,0,0,0,11534336,11534336,2816,27931,2816,0,0,0,0,0,0,0,0,0,0,0,0,0,0,1073741824,268435456,262144,751643,262144,0,0,0,0,0,0,0,0,0,0,0,0,0,0,805306368,268435456,196608,30747,196608,0,0,0,0,0,0,0,0,0,0,0,0,0,0,0,0,0,0,0,0,0,0,0,0,0,0,0,0,0,0,0,0,0,
3262464,18475,4,2147491840,1212568394,7301597,3493497227,3507824104,0,3493522427,1375763,176490,4096,121826168,75349351,7290027,65536,65536,9690831,1955360562,35651835,"(795982, 9113154, 0, 0, 0, 795982, 3536133040, 2451936976)",30511104,30511104,7449,1,7449,0,0,0,0,0,0,0,0,0,0,0,0,0,0,11534336,11534336,2816,27931,2816,0,0,0,0,0,0,0,0,0,0,0,0,0,0,1073741824,268435456,262144,751643,262144,0,0,0,0,0,0,0,0,0,0,0,0,0,0,805306368,268435456,196608,30747,196608,0,0,0,0,0,0,0,0,0,0,0,0,0,0,0,0,0,0,0,0,0,0,0,0,0,0,0,0,0,0,0,0,0,
3651584,18475,4,2147491840,1212568394,7301597,3493497227,3507824134,0,3493522427,1375763,176490,4096,121826168,75349351,7529334,65536,65536,9690833,1955360659,35651835,"(795982, 9113154, 0, 0, 0, 795982, 3536133040, 2451936976)",30511104,30511104,7449,1,7449,0,0,0,0,0,0,0,0,0,0,0,0,0,0,11534336,11534336,2816,27931,2816,0,0,0,0,0,0,0,0,0,0,0,0,0,0,1073741824,268435456,262144,751643,262144,0,0,0,0,0,0,0,0,0,0,0,0,0,0,805306368,268435456,196608,30747,196608,0,0,0,0,0,0,0,0,0,0,0,0,0,0,0,0,0,0,0,0,0,0,0,0,0,0,0,0,0,0,0,0,0,
3880960,18475,4,2147491840,1212568394,7301597,3493497227,3507824164,0,3493522427,1375763,176490,4096,121826168,75349351,7645608,65536,65536,9690842,1955360705,35651835,"(795982, 9113154, 0, 0, 0, 795982, 3536133040, 2451936976)",30511104,30511104,7449,1,7449,0,0,0,0,0,0,0,0,0,0,0,0,0,0,11534336,11534336,2816,27931,2816,0,0,0,0,0,0,0,0,0,0,0,0,0,0,1073741824,268435456,262144,751643,262144,0,0,0,0,0,0,0,0,0,0,0,0,0,0,805306368,268435456,196608,30747,196608,0,0,0,0,0,0,0,0,0,0,0,0,0,0,0,0,0,0,0,0,0,0,0,0,0,0,0,0,0,0,0,0,0,
